date,tavg,tmin,tmax,prcp,wdir,wspd,pres
2021-01-02,7.7,5.7,9.0,48.4,190.0,12.2,1004.0
2021-01-03,7.5,5.9,10.0,5.4,164.0,15.7,1010.2
2021-01-04,7.1,5.5,8.0,17.7,225.0,21.7,1004.0
2021-01-05,6.5,3.4,9.0,15.3,111.0,17.6,1012.4
2021-01-06,6.7,4.5,9.0,1.7,64.0,8.4,1016.2
2021-01-07,6.4,2.8,9.0,0.0,30.0,10.3,1021.6
2021-01-08,7.0,2.1,9.0,6.4,276.0,13.4,1022.3
2021-01-09,5.1,2.2,7.0,4.1,26.0,9.5,1024.9
2021-01-10,6.8,4.8,9.0,3.1,41.0,8.7,1020.7
2021-01-11,8.0,6.3,9.0,17.7,92.0,17.3,1014.1
2021-01-12,9.3,7.3,11.0,24.6,132.0,11.1,1000.8
2021-01-13,7.2,3.5,9.0,8.1,251.0,24.0,1022.8
2021-01-14,6.8,5.0,9.0,0.7,22.0,11.4,1028.4
2021-01-15,8.9,4.0,13.0,0.3,285.0,10.1,1028.5
2021-01-16,5.7,2.5,8.0,0.5,12.0,6.9,1029.0
2021-01-17,6.8,4.6,10.0,2.0,328.0,8.0,1030.6
2021-01-18,4.9,2.0,8.0,0.0,1.0,6.4,1035.5
2021-01-19,5.7,3.0,8.0,0.0,22.0,6.5,1030.0
2021-01-20,6.1,4.7,7.0,0.0,8.0,7.5,1022.1
2021-01-21,5.8,3.3,8.0,1.0,4.0,10.2,1019.1
2021-01-22,3.4,-0.1,7.0,0.0,352.0,8.0,1019.3
2021-01-23,3.1,-0.5,6.0,0.1,75.0,5.6,1019.3
2021-01-24,4.9,3.4,6.0,5.9,120.0,12.3,1006.8
2021-01-25,4.5,-0.2,6.0,6.6,158.0,11.7,1008.7
2021-01-26,3.8,-0.9,7.0,0.3,85.0,22.3,1001.3
2021-01-27,4.8,3.1,6.0,2.8,64.0,16.6,1000.6
2021-01-28,4.3,2.4,5.0,1.6,4.0,12.4,1007.0
2021-01-29,4.3,2.0,7.0,0.1,18.0,7.3,1008.8
2021-01-30,6.2,3.7,9.0,2.0,54.0,10.4,1009.5
2021-01-31,6.6,5.0,7.0,10.5,15.0,8.9,1011.1
2021-02-01,6.5,5.3,8.0,9.6,340.0,10.7,1006.5
2021-02-02,6.2,4.2,7.0,7.1,160.0,12.9,1008.2
2021-02-03,6.2,3.8,8.0,0.0,297.0,13.4,1019.7
2021-02-04,6.9,5.7,9.0,4.6,226.0,21.1,1025.5
2021-02-05,8.3,6.4,10.0,2.2,242.0,21.5,1021.3
2021-02-06,7.5,5.2,9.0,5.5,252.0,32.3,1015.7
2021-02-07,5.6,2.4,8.0,0.0,266.0,22.4,1015.5
2021-02-08,3.3,1.8,5.0,1.6,349.0,9.1,1018.0
2021-02-09,0.7,-1.4,2.0,0.0,0.0,12.9,1021.9
2021-02-10,-0.2,-2.0,2.0,2.6,344.0,13.0,1022.3
2021-02-11,-2.2,-3.0,-1.0,0.9,27.0,23.0,1020.2
2021-02-12,-1.9,-3.0,0.0,2.9,41.0,18.0,1016.6
2021-02-13,-0.5,-2.2,1.0,25.8,46.0,16.1,1010.2
2021-02-14,1.1,0.0,2.3,6.9,49.0,11.2,1011.6
2021-02-15,2.7,1.8,4.2,7.5,0.0,9.1,1003.5
2021-02-16,5.3,1.0,8.0,0.1,271.0,19.4,1016.2
2021-02-17,3.6,0.0,7.0,0.0,17.0,8.6,1026.4
2021-02-18,5.5,3.9,7.0,4.3,69.0,14.1,1017.4
2021-02-19,5.8,3.9,7.0,3.5,239.0,15.6,1017.0
2021-02-20,5.5,3.5,7.0,2.4,243.0,16.5,1022.5
2021-02-21,8.2,4.2,11.0,25.1,213.0,23.2,1022.5
2021-02-22,7.9,4.2,10.0,8.1,253.0,29.7,1020.3
2021-02-23,4.9,0.8,8.0,0.1,263.0,23.7,1025.4
2021-02-24,3.3,-1.1,6.0,0.5,27.0,7.2,1033.2
2021-02-25,5.6,2.4,7.0,7.5,247.0,27.4,1016.9
2021-02-26,5.9,2.8,8.0,0.9,256.0,24.3,1013.6
2021-02-27,4.3,0.0,7.0,0.7,226.0,10.5,1023.0
2021-02-28,6.7,4.2,9.0,1.4,105.0,9.7,1023.4
2021-03-01,6.4,2.9,10.0,0.1,289.0,8.2,1018.2
2021-03-02,5.8,3.0,8.0,0.0,247.0,13.2,1017.2
2021-03-03,5.1,2.1,8.0,0.0,316.0,4.7,1010.6
2021-03-04,6.2,1.7,10.0,8.8,9.0,6.8,1013.1
2021-03-05,8.4,4.8,11.0,6.9,174.0,15.2,1010.8
2021-03-06,6.7,4.0,9.0,1.0,314.0,9.6,1013.5
2021-03-07,5.6,3.6,7.0,5.9,190.0,14.5,1015.7
2021-03-08,6.9,3.6,11.0,0.0,46.0,9.8,1015.7
2021-03-09,6.1,1.6,9.0,0.4,18.0,9.4,1014.5
2021-03-10,4.5,1.0,9.0,0.2,321.0,6.2,1016.7
2021-03-11,5.2,0.7,9.0,0.0,315.0,7.2,1024.8
2021-03-12,5.9,2.0,10.0,0.0,267.0,7.2,1026.5
2021-03-13,5.9,2.9,9.0,0.0,358.0,5.0,1021.0
2021-03-14,6.0,3.6,8.0,3.3,276.0,15.6,1012.6
2021-03-15,4.2,1.0,7.0,0.3,273.0,8.8,1022.0
2021-03-16,4.4,0.0,9.0,0.0,313.0,7.1,1021.9
2021-03-17,5.3,1.1,10.0,0.0,355.0,5.7,1016.2
2021-03-18,7.8,4.5,12.0,2.1,64.0,10.4,1008.9
2021-03-19,8.1,5.1,11.0,3.9,113.0,13.9,1011.5
2021-03-20,6.5,3.7,9.0,1.9,272.0,19.0,1018.8
2021-03-21,6.1,4.9,8.0,8.9,215.0,13.7,1022.9
2021-03-22,6.6,4.2,9.0,1.1,251.0,19.2,1019.1
2021-03-23,6.2,1.0,11.0,0.1,254.0,12.8,1030.2
2021-03-24,7.1,5.3,9.0,15.9,206.0,12.8,1013.3
2021-03-25,7.0,3.3,9.0,2.8,262.0,10.3,1012.9
2021-03-26,6.9,3.0,10.0,0.0,264.0,13.8,1023.1
2021-03-27,7.5,5.9,9.0,0.0,215.0,17.3,1027.3
2021-03-28,6.7,4.0,8.0,13.5,238.0,24.6,1013.4
2021-03-29,5.9,2.0,9.0,0.0,239.0,11.4,1025.6
2021-03-30,5.9,1.0,10.0,0.0,33.0,8.2,1031.0
2021-03-31,7.0,1.9,12.0,0.0,9.0,7.4,1025.9
2021-04-01,8.4,4.1,13.0,0.0,247.0,13.3,1013.7
2021-04-02,7.3,4.2,9.0,0.0,237.0,15.9,1018.2
2021-04-03,7.5,3.5,11.0,0.8,283.0,9.7,1020.7
2021-04-04,6.8,4.4,9.0,0.7,250.0,12.8,1024.6
2021-04-05,5.9,1.0,10.0,0.0,281.0,8.5,1023.6
2021-04-06,6.7,3.0,11.0,0.0,249.0,14.5,1019.9
2021-04-07,6.6,4.1,9.0,9.5,249.0,22.6,1016.7
2021-04-08,6.8,3.5,10.0,0.0,256.0,23.1,1023.1
2021-04-09,5.8,4.3,7.0,6.5,214.0,13.8,1020.2
2021-04-10,5.3,2.1,8.0,1.4,260.0,21.4,1021.9
2021-04-11,5.7,1.0,10.0,0.0,343.0,9.4,1028.7
2021-04-12,7.5,1.1,14.0,0.0,350.0,10.5,1027.4
2021-04-13,10.7,5.8,16.0,0.0,349.0,13.6,1027.5
2021-04-14,10.2,4.0,15.0,0.0,260.0,5.5,1022.6
2021-04-15,11.5,5.9,19.0,0.0,320.0,6.7,1020.2
2021-04-16,13.0,9.0,20.0,0.0,329.0,7.1,1022.9
2021-04-17,12.6,8.3,17.0,0.0,322.0,6.6,1022.9
2021-04-18,12.3,8.7,17.0,0.0,277.0,8.1,1020.7
2021-04-19,13.4,9.5,19.0,0.0,60.0,11.2,1023.1
2021-04-20,10.1,6.8,14.0,0.0,253.0,8.4,1022.1
2021-04-21,10.1,8.0,13.0,0.0,262.0,8.1,1017.5
2021-04-22,10.4,6.1,14.0,0.0,122.0,9.9,1013.1
2021-04-23,10.8,8.8,13.0,1.9,232.0,16.9,1012.6
2021-04-24,8.4,7.1,9.0,9.1,191.0,7.5,1008.2
2021-04-25,8.6,6.9,10.0,4.3,158.0,9.3,1006.5
2021-04-26,10.2,7.3,13.0,0.1,239.0,13.4,1012.3
2021-04-27,10.0,7.5,12.0,0.0,225.0,16.0,1020.5
2021-04-28,10.6,8.4,13.0,0.4,238.0,8.3,1025.7
2021-04-29,11.7,7.9,15.0,0.0,297.0,10.2,1023.4
2021-04-30,11.3,8.1,15.0,6.5,210.0,13.6,1021.0
2021-05-01,10.3,7.6,13.0,0.0,252.0,25.1,1020.0
2021-05-02,9.8,6.5,13.0,0.0,228.0,14.5,1022.9
2021-05-03,9.8,7.5,12.0,0.8,224.0,9.6,1021.7
2021-05-04,10.4,7.6,14.0,0.0,241.0,14.5,1023.8
2021-05-05,12.0,6.3,17.0,0.0,17.0,9.7,1017.6
2021-05-06,11.8,7.4,17.0,0.5,261.0,14.5,1012.0
2021-05-07,8.9,6.3,12.0,1.7,249.0,24.9,1022.7
2021-05-08,8.8,6.4,10.0,0.1,221.0,15.2,1027.7
2021-05-09,9.6,8.0,12.0,0.0,216.0,7.2,1025.9
2021-05-10,10.1,7.0,15.0,0.0,234.0,10.5,1025.0
2021-05-11,10.3,7.4,15.0,0.0,242.0,11.2,1023.2
2021-05-12,11.9,9.6,16.0,0.1,236.0,8.6,1021.5
2021-05-13,11.1,8.9,14.0,0.0,249.0,9.9,1022.6
2021-05-14,12.1,8.9,20.0,0.0,234.0,11.3,1020.2
2021-05-15,11.4,8.4,14.0,0.0,249.0,8.6,1018.9
2021-05-16,11.9,9.5,17.0,0.0,242.0,11.0,1014.8
2021-05-17,10.8,7.4,13.0,2.9,225.0,19.9,1012.2
2021-05-18,9.5,6.8,13.0,1.3,244.0,27.9,1018.4
2021-05-19,9.0,5.9,13.0,0.3,238.0,13.5,1019.7
2021-05-20,10.8,7.0,16.0,0.0,231.0,14.6,1019.1
2021-05-21,11.3,8.1,15.0,0.0,234.0,16.0,1021.4
2021-05-22,11.5,8.8,16.0,0.0,233.0,15.3,1019.3
2021-05-23,11.9,10.1,15.0,0.0,227.0,21.2,1016.9
2021-05-24,11.5,10.0,14.0,6.2,186.0,14.9,1017.0
2021-05-25,12.4,9.4,16.0,1.0,245.0,13.6,1018.8
2021-05-26,10.7,8.6,13.0,0.2,214.0,12.0,1019.3
2021-05-27,11.2,9.3,13.0,13.4,211.0,14.5,1011.9
2021-05-28,11.1,8.6,14.0,0.0,242.0,23.3,1023.6
2021-05-29,11.7,7.1,16.0,0.0,286.0,8.8,1021.7
2021-05-30,12.6,10.4,18.0,0.0,258.0,7.2,1021.2
2021-05-31,13.9,10.1,18.0,0.0,259.0,5.6,1022.4
2021-06-01,15.6,12.6,20.0,0.0,257.0,7.3,1017.3
2021-06-02,17.2,13.0,24.0,0.0,265.0,15.3,1012.6
2021-06-03,14.8,10.3,19.0,0.0,236.0,21.9,1014.1
2021-06-04,12.7,9.3,17.0,0.3,238.0,18.5,1016.8
2021-06-05,11.8,9.1,14.0,1.8,250.0,29.8,1015.0
2021-06-06,10.0,8.3,12.0,6.1,152.0,14.9,1013.4
2021-06-07,10.4,7.0,13.0,0.0,207.0,9.5,1013.4
2021-06-08,11.4,8.0,14.0,0.0,245.0,11.7,1015.4
2021-06-09,11.4,9.2,14.0,0.0,225.0,17.8,1019.7
2021-06-10,11.6,8.7,14.0,0.0,209.0,12.2,1020.1
2021-06-11,12.4,9.9,14.0,4.5,70.0,12.4,1012.9
2021-06-12,14.2,10.0,19.0,1.6,42.0,9.1,1013.8
2021-06-13,13.4,12.0,17.0,6.0,299.0,7.8,1011.3
2021-06-14,13.5,11.0,17.0,0.0,237.0,9.5,1015.7
2021-06-15,13.5,10.0,17.0,1.4,225.0,12.1,1021.1
2021-06-16,13.4,11.5,16.0,0.0,236.0,11.8,1026.7
2021-06-17,14.3,11.0,18.0,0.0,232.0,12.5,1021.8
2021-06-18,13.6,10.7,17.0,0.0,239.0,20.8,1019.4
2021-06-19,15.0,10.6,21.0,0.0,237.0,16.8,1018.2
2021-06-20,15.6,12.0,21.0,0.0,249.0,7.2,1016.5
2021-06-21,17.5,14.0,24.0,0.0,269.0,7.9,1011.9
2021-06-22,15.5,13.0,18.5,0.0,228.0,15.5,1009.8
2021-06-23,14.6,12.0,18.0,0.0,226.0,13.4,1013.1
2021-06-24,15.2,13.0,17.3,0.0,236.0,8.0,1017.3
2021-06-25,18.4,12.0,26.0,0.0,250.0,6.6,1016.7
2021-06-26,20.9,14.0,27.0,0.0,283.0,7.2,1015.2
2021-06-27,25.4,16.0,36.0,0.0,335.0,7.1,1011.7
2021-06-28,27.5,19.0,37.0,0.0,354.0,8.4,1007.1
2021-06-29,21.1,17.3,28.1,0.0,231.0,16.3,1006.2
2021-06-30,17.6,15.0,21.0,0.0,235.0,25.3,1010.6
2021-07-01,15.9,13.0,18.0,0.0,223.0,11.6,1014.7
2021-07-02,16.2,14.0,18.0,0.0,240.0,9.5,1016.1
2021-07-03,16.3,13.8,19.0,0.0,232.0,10.0,1015.0
2021-07-04,16.6,13.7,22.0,0.0,231.0,11.4,1015.0
2021-07-05,15.7,13.1,19.0,0.0,220.0,17.8,1016.8
2021-07-06,15.7,12.0,20.0,0.0,228.0,10.8,1015.9
2021-07-07,15.4,13.2,17.0,0.0,226.0,23.8,1014.5
2021-07-08,14.2,11.8,17.0,0.0,219.0,16.2,1016.7
2021-07-09,14.8,12.0,18.0,0.0,233.0,13.3,1019.1
2021-07-10,14.6,12.4,19.0,0.0,230.0,22.1,1020.3
2021-07-11,14.9,11.8,20.0,0.0,226.0,16.6,1020.1
2021-07-12,16.0,13.0,21.0,0.0,230.0,13.0,1017.5
2021-07-13,15.2,12.8,19.0,0.0,229.0,16.0,1017.0
2021-07-14,14.2,12.0,17.0,0.0,231.0,22.2,1015.6
2021-07-15,13.9,11.5,17.0,0.0,240.0,23.1,1015.7
2021-07-16,14.7,11.9,18.0,0.0,231.0,18.1,1016.5
2021-07-17,15.2,13.0,18.0,0.0,227.0,15.0,1018.4
2021-07-18,14.5,12.0,19.0,0.0,228.0,13.3,1020.4
2021-07-19,16.1,13.0,19.0,0.0,241.0,14.5,1019.1
2021-07-20,15.4,12.3,19.0,0.0,244.0,25.6,1019.9
2021-07-21,15.4,11.4,19.0,0.0,251.0,24.5,1019.9
2021-07-22,14.7,11.4,18.0,0.0,226.0,16.1,1021.6
2021-07-23,14.9,12.4,19.0,0.0,222.0,15.5,1023.3
2021-07-24,16.0,13.0,21.0,0.0,240.0,12.6,1021.0
2021-07-25,16.4,13.0,24.0,0.0,235.0,20.6,1017.4
2021-07-26,16.7,13.0,24.0,0.0,222.0,16.0,1015.6
2021-07-27,15.2,13.0,20.0,0.0,228.0,11.6,1017.3
2021-07-28,16.5,14.0,21.0,0.0,239.0,11.8,1019.3
2021-07-29,16.5,13.0,20.0,0.0,237.0,11.0,1017.6
2021-07-30,17.4,14.0,20.0,0.0,240.0,9.4,1015.8
2021-07-31,17.2,14.0,20.0,0.1,231.0,9.8,1016.6
2021-08-01,17.5,14.0,21.0,0.0,226.0,13.2,1017.5
2021-08-02,15.7,13.0,20.0,0.0,234.0,12.7,1019.9
2021-08-03,16.7,14.0,24.0,0.0,239.0,13.4,1017.6
2021-08-04,16.7,14.0,20.0,0.0,230.0,14.6,1015.4
2021-08-05,18.1,14.6,22.0,0.0,241.0,25.9,1013.1
2021-08-06,17.1,14.4,21.0,0.4,228.0,20.6,1016.2
2021-08-07,15.6,13.0,20.0,4.3,218.0,16.4,1013.0
2021-08-08,15.6,12.7,19.0,0.0,230.0,20.7,1016.3
2021-08-09,14.9,13.0,17.0,0.0,235.0,12.1,1020.0
2021-08-10,15.7,14.0,19.0,0.0,241.0,9.4,1019.3
2021-08-11,18.6,14.0,25.0,0.0,340.0,6.0,1016.9
2021-08-12,20.6,16.0,26.0,0.0,233.0,6.2,1015.4
2021-08-13,19.7,15.0,24.0,0.0,266.0,6.5,1015.4
2021-08-14,18.6,13.0,23.2,0.0,224.0,17.0,1017.3
2021-08-15,18.0,14.0,24.0,0.0,223.0,17.7,1015.8
2021-08-16,16.5,12.8,20.0,0.0,246.0,22.7,1012.0
2021-08-17,15.0,12.6,18.0,0.1,231.0,12.6,1014.5
2021-08-18,14.5,11.0,18.0,0.0,245.0,9.7,1019.1
2021-08-19,15.6,12.0,18.0,0.0,255.0,6.4,1017.6
2021-08-20,14.4,12.0,16.0,1.7,236.0,6.4,1013.9
2021-08-21,14.7,12.0,17.0,0.1,236.0,10.0,1010.5
2021-08-22,14.7,12.4,17.0,0.1,255.0,26.9,1010.9
2021-08-23,14.0,12.0,18.0,0.0,217.0,11.4,1016.2
2021-08-24,14.2,11.0,18.0,0.0,249.0,7.6,1016.8
2021-08-25,15.1,12.0,20.0,0.0,254.0,12.7,1015.7
2021-08-26,15.1,13.0,17.0,1.3,207.0,12.8,1017.7
2021-08-27,14.8,13.0,17.0,0.0,236.0,19.3,1020.0
2021-08-28,13.6,11.7,17.0,0.0,254.0,8.3,1020.1
2021-08-29,14.4,12.0,17.0,0.0,243.0,12.0,1015.1
2021-08-30,13.5,11.4,17.0,0.0,246.0,27.8,1013.5
2021-08-31,13.4,11.3,16.0,0.0,242.0,17.6,1014.8
2021-09-01,13.0,9.0,17.0,0.0,274.0,8.6,1017.3
2021-09-02,14.8,11.0,19.0,0.0,244.0,7.6,1018.3
2021-09-03,13.5,11.0,16.0,0.0,243.0,6.5,1017.3
2021-09-04,14.9,12.5,18.0,3.3,9.0,5.7,1015.0
2021-09-05,14.0,12.0,18.0,0.3,243.0,6.4,1016.4
2021-09-06,13.6,11.7,17.0,0.0,234.0,11.9,1020.1
2021-09-07,15.1,12.0,19.0,0.0,275.0,5.6,1017.3
2021-09-08,16.4,14.0,21.0,0.5,237.0,10.6,1014.9
2021-09-09,16.1,13.0,20.0,0.0,263.0,6.8,1012.5
2021-09-10,16.2,13.4,19.0,0.3,241.0,17.2,1014.9
2021-09-11,14.0,13.0,15.0,4.3,198.0,10.3,1021.4
2021-09-12,14.2,11.9,17.0,1.6,244.0,16.3,1019.9
2021-09-13,13.4,11.0,16.0,0.0,233.0,12.3,1022.5
2021-09-14,12.4,11.0,14.0,3.1,249.0,7.3,1017.9
2021-09-15,12.8,10.5,16.0,0.0,244.0,20.3,1018.0
2021-09-16,12.2,9.0,15.0,0.0,307.0,7.0,1019.2
2021-09-17,12.6,10.0,16.0,31.4,30.0,9.1,1004.0
2021-09-18,13.6,12.0,17.0,13.8,167.0,12.4,1004.4
2021-09-19,12.7,10.8,16.0,2.4,222.0,11.7,1014.7
2021-09-20,12.9,11.0,16.0,0.0,231.0,10.6,1027.2
2021-09-21,13.7,10.1,19.0,0.0,9.0,7.6,1021.9
2021-09-22,13.5,12.0,17.0,0.9,216.0,11.2,1020.5
2021-09-23,12.3,11.0,15.0,0.0,281.0,7.8,1026.0
2021-09-24,14.5,10.0,21.0,0.0,358.0,7.6,1018.3
2021-09-25,13.6,11.0,17.0,0.0,237.0,11.2,1010.7
2021-09-26,12.9,12.0,14.2,16.9,9.0,10.2,1007.5
2021-09-27,12.9,10.3,15.0,15.7,191.0,10.5,1006.0
2021-09-28,12.3,9.7,14.0,0.6,245.0,17.0,1013.9
2021-09-29,11.8,10.1,14.0,6.6,72.0,9.2,1015.5
2021-09-30,12.7,10.8,14.0,18.0,196.0,9.7,1018.9
2021-10-01,10.7,8.0,14.0,0.0,281.0,8.0,1026.8
2021-10-02,11.5,10.0,13.0,0.0,190.0,9.6,1022.3
2021-10-03,11.8,7.5,15.0,0.3,245.0,11.0,1020.2
2021-10-04,9.8,7.0,13.0,0.0,284.0,6.1,1014.4
2021-10-05,10.8,7.5,14.0,9.4,316.0,14.4,1009.0
2021-10-06,9.9,7.3,13.0,1.4,278.0,7.0,1018.2
2021-10-07,8.8,6.0,12.0,0.0,288.0,6.2,1020.8
2021-10-08,10.0,8.0,12.0,0.0,65.0,5.4,1017.6
2021-10-09,9.6,8.0,11.5,12.3,50.0,5.9,1019.5
2021-10-10,10.1,7.8,12.0,0.2,261.0,22.8,1019.8
2021-10-11,8.3,4.0,12.0,0.0,340.0,7.0,1024.8
2021-10-12,7.9,4.7,10.0,3.6,81.0,9.1,1018.6
2021-10-13,8.5,6.1,10.0,2.1,168.0,9.0,1017.6
2021-10-14,9.6,7.8,11.0,0.2,90.0,6.5,1020.5
2021-10-15,10.9,9.1,12.0,14.3,48.0,5.2,1018.3
2021-10-16,12.2,10.4,14.0,7.1,24.0,7.5,1011.2
2021-10-17,11.0,8.0,13.1,15.1,248.0,9.3,1006.5
2021-10-18,8.7,5.5,12.0,0.0,346.0,5.5,1014.7
2021-10-19,9.8,7.2,12.0,0.0,15.0,9.0,1010.1
2021-10-20,11.0,9.7,13.0,3.1,22.0,7.2,1007.8
2021-10-21,13.1,10.2,18.0,7.6,85.0,20.6,1008.1
2021-10-22,10.6,8.4,12.0,1.4,154.0,7.0,1006.9
2021-10-23,10.2,7.0,13.0,5.5,72.0,9.5,1002.5
2021-10-24,11.3,9.4,12.0,7.4,100.0,25.2,985.9
2021-10-25,10.8,9.1,12.0,23.3,143.0,26.4,991.7
2021-10-26,10.2,7.8,13.0,7.3,234.0,19.6,1004.0
2021-10-27,10.3,8.4,12.0,2.5,217.0,13.3,1020.0
2021-10-28,9.0,8.5,10.0,45.9,12.0,9.5,1015.5
2021-10-29,8.8,5.1,11.0,3.0,338.0,8.6,1020.2
2021-10-30,8.3,6.1,11.0,0.0,12.0,14.8,1022.5
2021-10-31,8.7,6.6,12.0,0.0,11.0,12.9,1017.2
2021-11-01,8.3,6.8,10.0,7.6,8.0,14.7,1013.1
2021-11-02,9.2,5.1,11.0,11.5,59.0,15.0,1019.0
2021-11-03,11.1,9.4,12.0,20.9,46.0,12.2,1013.4
2021-11-04,11.0,8.9,13.0,12.5,257.0,20.9,1004.2
2021-11-05,8.5,6.4,10.0,6.0,99.0,15.0,1011.5
2021-11-06,7.6,5.9,10.0,15.4,211.0,9.9,1010.0
2021-11-07,6.7,3.9,9.0,1.4,170.0,11.1,1015.0
2021-11-08,8.4,4.9,11.0,0.1,95.0,17.2,1011.9
2021-11-09,8.5,6.6,10.0,10.0,194.0,24.5,1007.0
2021-11-10,7.9,5.4,10.0,2.4,97.0,11.4,1023.7
2021-11-11,7.9,6.8,10.0,18.6,10.0,12.4,1018.4
2021-11-12,11.3,8.3,13.0,11.7,255.0,15.1,1020.0
2021-11-13,8.5,7.0,10.0,13.5,340.0,11.6,1022.3
2021-11-14,12.1,9.2,15.0,27.2,257.0,19.4,1009.8
2021-11-15,9.2,5.7,12.0,32.5,225.0,24.4,1005.3
2021-11-16,6.8,5.0,9.0,0.1,303.0,14.9,1027.2
2021-11-17,5.0,3.0,7.0,0.0,24.0,12.2,1026.2
2021-11-18,4.9,3.3,6.2,11.5,1.0,14.9,1014.2
2021-11-19,6.4,4.0,8.0,0.0,274.0,10.7,1022.0
2021-11-20,6.0,2.0,9.0,0.0,285.0,7.2,1032.3
2021-11-21,6.3,3.3,8.0,0.0,44.0,5.9,1028.2
2021-11-22,6.3,3.1,9.0,4.2,75.0,7.7,1015.9
2021-11-23,7.8,6.2,10.0,0.2,258.0,18.9,1017.0
2021-11-24,6.4,3.0,8.0,2.1,71.0,10.5,1027.7
2021-11-25,7.7,6.0,9.0,30.7,72.0,8.8,1019.4
2021-11-26,9.4,5.3,12.0,1.1,271.0,13.0,1021.1
2021-11-27,9.0,5.7,12.2,27.4,19.0,9.5,1014.8
2021-11-28,11.8,10.6,13.0,22.4,232.0,16.4,1016.4
2021-11-29,10.2,9.0,11.0,0.2,142.0,6.8,1022.3
2021-11-30,9.8,8.5,11.0,30.1,186.0,9.4,1020.1
2021-12-01,11.6,9.0,13.0,2.8,218.0,16.3,1019.1
2021-12-02,7.5,4.0,9.0,0.1,273.0,12.9,1026.0
2021-12-03,4.8,3.0,6.0,0.0,359.0,6.5,1026.3
2021-12-04,3.5,2.0,5.1,5.3,343.0,8.0,1021.1
2021-12-05,2.1,-1.0,5.0,0.3,0.0,7.0,1032.4
2021-12-06,3.4,1.8,5.0,5.9,18.0,11.2,1018.6
2021-12-07,5.8,3.1,8.0,4.1,1.0,8.9,1014.5
2021-12-08,6.2,3.8,8.0,2.2,254.0,28.6,1012.1
2021-12-09,5.1,3.9,7.0,4.0,256.0,19.2,1012.7
2021-12-10,5.4,3.0,7.0,18.2,161.0,13.1,1012.9
2021-12-11,6.4,2.5,8.0,24.3,234.0,25.3,997.0
2021-12-12,3.5,2.0,5.0,3.5,262.0,11.9,999.8
2021-12-13,4.8,1.9,6.0,4.6,47.0,12.6,996.0
2021-12-14,3.3,0.4,6.0,0.2,57.0,8.7,1005.9
2021-12-15,5.5,3.6,7.0,1.1,99.0,23.8,1005.7
2021-12-16,4.7,3.4,6.0,2.1,4.0,5.9,1015.0
2021-12-17,3.5,2.0,5.0,2.8,9.0,12.6,1024.5
2021-12-18,6.2,3.9,8.0,37.3,202.0,20.4,1009.3
2021-12-19,4.2,2.7,6.0,0.4,354.0,12.4,1015.7
2021-12-20,2.2,1.0,3.0,0.0,12.0,15.2,1019.4
2021-12-21,2.3,1.0,3.9,2.6,6.0,11.9,1017.5
2021-12-22,6.8,3.5,9.0,11.4,165.0,8.4,999.6
2021-12-23,4.2,3.1,5.0,3.4,244.0,20.3,995.2
2021-12-24,3.4,1.0,5.0,1.4,32.0,11.0,990.5
2021-12-25,1.3,-2.4,4.0,3.4,332.0,14.1,995.8
2021-12-26,-5.1,-7.0,5.0,2.0,36.0,21.1,1000.8
2021-12-27,-6.1,-8.0,-3.3,2.0,32.0,13.4,1011.3
2021-12-28,-3.3,-5.0,3.0,0.8,7.0,12.2,1010.7
2021-12-29,-2.6,-4.2,-1.4,0.8,36.0,15.1,1013.4
2021-12-30,-0.2,-2.0,1.0,8.0,8.0,12.1,1004.8
2021-12-31,-1.9,-4.9,0.0,0.0,19.0,10.6,1017.9
2022-01-01,0.1,-5.2,3.3,0.0,63.0,11.6,1020.2
2022-01-02,5.6,2.2,8.0,16.3,105.0,12.0,1003.2
2022-01-03,3.3,1.1,5.0,12.4,236.0,11.3,997.6
2022-01-04,3.6,0.9,6.0,15.6,217.0,10.5,1012.6
2022-01-05,0.8,-0.5,2.2,8.0,8.0,9.7,1020.3
2022-01-06,2.2,-0.6,5.1,33.1,9.0,10.5,1001.7
2022-01-07,4.7,2.2,7.0,11.4,269.0,20.1,999.5
2022-01-08,3.1,0.8,6.0,0.5,346.0,8.3,1021.3
2022-01-09,4.6,1.8,8.0,0.0,15.0,10.5,1025.7
2022-01-10,6.1,3.1,9.0,5.5,30.0,11.8,1023.9
2022-01-11,8.3,5.1,9.0,15.7,29.0,7.7,1019.4
2022-01-12,8.5,5.3,10.0,14.6,4.0,6.1,1017.2
2022-01-13,7.9,4.8,9.0,5.8,1.0,8.8,1021.9
2022-01-14,6.6,4.3,8.0,0.0,46.0,5.9,1030.9
2022-01-15,5.7,4.9,7.0,1.0,267.0,6.2,1028.2
2022-01-16,5.5,3.7,6.0,0.0,22.0,5.2,1023.6
2022-01-17,6.0,4.3,7.0,8.8,164.0,7.2,1016.5
2022-01-18,7.0,5.5,8.0,2.5,23.0,4.5,1019.5
2022-01-19,7.3,4.8,9.0,2.9,37.0,7.5,1024.6
2022-01-20,7.9,5.2,10.0,13.7,240.0,20.2,1024.1
2022-01-21,5.1,2.1,8.0,0.0,327.0,6.9,1036.7
2022-01-22,5.1,2.7,8.0,0.0,16.0,9.3,1034.6
2022-01-23,3.3,2.2,4.0,0.0,8.0,7.7,1029.0
2022-01-24,3.9,1.4,6.0,0.0,10.0,7.8,1026.4
2022-01-25,3.7,1.9,5.0,0.0,9.0,7.8,1026.7
2022-01-26,2.9,0.8,5.0,0.0,19.0,8.9,1026.4
2022-01-27,3.9,2.0,7.0,0.0,27.0,9.3,1028.7
2022-01-28,3.1,-0.1,5.0,0.0,294.0,6.4,1026.6
2022-01-29,4.3,-0.2,7.0,3.9,17.0,5.5,1023.6
2022-01-30,5.4,3.0,7.0,9.0,319.0,15.9,1014.4
2022-01-31,5.2,3.5,7.0,0.6,255.0,20.5,1023.1
2022-02-01,3.1,-1.0,6.0,2.1,323.0,6.9,1027.3
2022-02-02,3.5,0.4,6.0,1.6,43.0,6.2,1027.0
2022-02-03,6.3,4.4,8.0,3.3,128.0,9.4,1028.4
2022-02-04,6.9,4.7,9.0,2.5,194.0,16.1,1026.8
2022-02-05,6.7,3.6,8.0,0.0,309.0,11.8,1034.9
2022-02-06,5.5,2.5,9.0,0.0,0.0,8.7,1029.1
2022-02-07,8.2,5.7,10.0,1.7,246.0,21.6,1028.5
2022-02-08,6.6,5.4,7.0,0.1,224.0,9.9,1036.0
2022-02-09,7.1,5.1,9.0,0.0,19.0,3.5,1036.0
2022-02-10,6.8,4.4,8.0,0.0,326.0,5.9,1032.9
2022-02-11,7.4,4.7,11.0,0.0,26.0,8.0,1032.2
2022-02-12,7.0,4.5,11.0,0.0,35.0,9.3,1027.2
2022-02-13,6.4,2.0,9.0,0.0,20.0,5.9,1020.7
2022-02-14,6.9,3.9,9.0,1.9,274.0,11.1,1013.3
2022-02-15,5.9,2.3,9.0,0.0,302.0,11.4,1022.0
2022-02-16,5.7,2.0,9.0,0.0,0.0,6.1,1027.0
2022-02-17,7.0,2.5,10.0,0.2,255.0,13.9,1030.3
2022-02-18,6.2,3.0,8.0,0.0,251.0,7.9,1030.2
2022-02-19,6.2,3.5,9.0,4.0,240.0,22.6,1018.1
2022-02-20,5.4,1.5,7.0,4.5,256.0,15.5,1013.2
2022-02-21,2.7,-0.9,5.0,4.7,45.0,14.3,1014.7
2022-02-22,-1.0,-2.5,1.0,0.0,34.0,22.9,1027.5
2022-02-23,0.4,-2.3,3.0,1.0,61.0,10.6,1029.9
2022-02-24,1.6,-1.6,4.0,0.8,33.0,7.7,1030.5
2022-02-25,1.9,-2.1,6.0,0.0,22.0,8.4,1030.0
2022-02-26,4.8,1.9,8.0,4.6,38.0,16.0,1019.1
2022-02-27,8.0,5.3,10.0,16.9,119.0,15.8,1015.8
2022-02-28,8.1,6.5,10.0,38.1,146.0,10.8,1011.5
2022-03-01,8.1,5.8,11.0,3.1,235.0,7.6,1016.3
2022-03-02,8.0,5.4,11.0,2.4,337.0,6.4,1017.2
2022-03-03,6.6,4.3,9.0,0.5,252.0,12.5,1019.5
2022-03-04,6.2,2.5,9.0,2.0,268.0,9.4,1020.6
2022-03-05,5.4,2.2,9.0,0.0,311.0,5.1,1025.5
2022-03-06,6.3,2.0,10.0,0.0,330.0,6.6,1031.4
2022-03-07,6.2,3.4,8.0,0.0,231.0,9.2,1031.7
2022-03-08,6.9,3.9,10.0,1.5,311.0,9.3,1025.0
2022-03-09,4.9,-0.6,7.0,0.0,15.0,15.1,1025.8
2022-03-10,3.4,-1.0,7.0,0.0,251.0,7.9,1027.9
2022-03-11,5.6,3.4,8.0,0.6,67.0,7.9,1025.3
2022-03-12,6.1,4.0,8.0,4.9,29.0,9.6,1011.9
2022-03-13,7.7,5.2,11.0,2.3,339.0,11.3,1010.5
2022-03-14,7.5,5.4,10.0,10.4,34.0,7.6,1015.4
2022-03-15,7.6,5.9,10.0,1.6,249.0,18.7,1016.6
2022-03-16,7.2,5.0,9.0,0.9,224.0,10.6,1026.1
2022-03-17,6.7,4.7,8.0,14.7,15.0,5.2,1020.4
2022-03-18,7.5,5.4,10.0,1.9,322.0,5.7,1016.5
2022-03-19,7.0,4.3,9.0,5.3,264.0,23.5,1013.1
2022-03-20,6.1,4.0,8.0,5.9,172.0,12.8,1023.3
2022-03-21,6.8,4.8,8.0,10.2,47.0,12.6,1025.4
2022-03-22,8.7,6.6,11.0,1.5,18.0,9.1,1026.9
2022-03-23,9.1,5.8,12.0,2.2,253.0,18.0,1021.4
2022-03-24,7.0,3.0,11.0,0.0,334.0,10.7,1024.4
2022-03-25,8.1,5.8,11.0,0.4,256.0,4.6,1018.0
2022-03-26,8.9,6.5,12.0,2.4,2.0,10.5,1013.7
2022-03-27,9.6,8.2,12.0,1.8,353.0,9.3,1006.5
2022-03-28,9.0,6.9,10.0,4.8,286.0,7.2,1009.3
2022-03-29,8.2,5.0,12.0,0.0,270.0,9.6,1016.8
2022-03-30,8.2,5.9,10.0,0.5,251.0,25.4,1021.1
2022-03-31,7.6,5.1,11.0,0.7,245.0,19.9,1022.7
2022-04-01,7.0,5.4,9.0,1.3,219.0,10.5,1019.5
2022-04-02,8.1,5.9,11.0,0.0,240.0,16.9,1021.8
2022-04-03,8.0,6.0,10.0,21.4,85.0,5.8,1010.3
2022-04-04,6.9,4.7,8.1,24.7,232.0,39.5,999.3
2022-04-05,6.9,4.1,10.0,2.0,249.0,36.0,1023.0
2022-04-06,7.2,2.0,12.0,0.0,9.0,9.8,1031.6
2022-04-07,10.1,7.1,16.0,0.2,15.0,9.1,1022.6
2022-04-08,8.6,5.8,10.0,4.0,256.0,32.1,1021.0
2022-04-09,6.4,3.1,8.0,3.8,260.0,26.8,1024.0
2022-04-10,4.2,2.0,7.0,10.2,314.0,10.9,1015.1
2022-04-11,7.0,2.4,11.0,0.5,316.0,17.0,1004.8
2022-04-12,4.9,2.0,8.0,7.6,97.0,14.2,1011.5
2022-04-13,5.8,3.2,8.0,0.4,71.0,11.6,1016.0
2022-04-14,6.1,2.9,8.0,0.4,255.0,10.1,1014.0
2022-04-15,5.4,1.0,9.0,0.8,239.0,9.6,1017.9
2022-04-16,6.2,4.1,8.0,1.2,307.0,17.7,1015.0
2022-04-17,7.4,3.5,11.0,0.0,92.0,15.2,1021.8
2022-04-18,7.9,5.7,10.0,5.0,139.0,23.4,1006.0
2022-04-19,7.2,4.7,9.0,1.2,207.0,13.0,1010.3
2022-04-20,8.3,6.0,10.0,0.9,93.0,22.4,1005.3
2022-04-21,8.9,7.0,11.0,1.5,120.0,11.4,1007.0
2022-04-22,9.6,7.0,13.0,0.0,238.0,11.1,1019.3
2022-04-23,8.8,5.0,11.0,0.0,227.0,13.2,1026.3
2022-04-24,9.6,5.8,15.0,1.0,288.0,8.7,1020.4
2022-04-25,9.6,7.0,12.0,4.7,253.0,17.7,1017.8
2022-04-26,8.1,5.6,10.0,2.0,233.0,17.0,1017.7
2022-04-27,7.5,4.6,10.0,0.6,219.0,12.3,1019.9
2022-04-28,7.9,4.7,11.0,0.0,238.0,10.2,1018.0
2022-04-29,9.7,6.0,14.0,1.5,103.0,15.4,1019.9
2022-04-30,9.5,8.1,12.0,7.7,16.0,13.7,1015.3
2022-05-01,9.2,5.0,12.0,0.0,232.0,8.1,1016.9
2022-05-02,10.2,8.2,12.0,4.0,287.0,10.3,1011.8
2022-05-03,9.3,7.7,11.0,0.4,254.0,23.3,1023.8
2022-05-04,8.6,6.3,11.0,0.8,214.0,7.4,1017.6
2022-05-05,8.5,6.9,10.0,12.2,74.0,12.4,1006.2
2022-05-06,9.1,6.9,11.0,0.8,140.0,10.6,1006.8
2022-05-07,8.4,5.7,10.0,0.0,256.0,24.7,1009.3
2022-05-08,8.0,5.2,11.0,2.7,240.0,16.5,1008.3
2022-05-09,9.1,6.4,12.0,0.9,243.0,22.6,1012.4
2022-05-10,9.1,6.6,11.0,0.0,220.0,18.7,1021.4
2022-05-11,9.1,6.7,12.0,1.2,237.0,12.7,1021.8
2022-05-12,8.0,6.3,10.0,7.4,176.0,17.1,1015.6
2022-05-13,8.6,6.0,12.0,0.9,121.0,16.5,1021.6
2022-05-14,10.0,7.8,13.0,2.4,6.0,10.7,1016.3
2022-05-15,11.2,8.9,14.0,10.2,13.0,6.8,1013.9
2022-05-16,11.2,7.9,13.0,2.1,264.0,25.2,1018.1
2022-05-17,9.6,7.1,12.0,0.0,221.0,11.0,1024.4
2022-05-18,9.5,7.2,11.0,5.3,241.0,29.4,1015.7
2022-05-19,9.4,6.2,13.0,0.9,243.0,23.3,1022.3
2022-05-20,10.0,6.0,14.0,0.0,235.0,13.9,1024.1
2022-05-21,10.6,7.3,15.0,0.0,244.0,11.4,1023.3
2022-05-22,11.8,8.5,18.0,0.0,236.0,11.2,1023.4
2022-05-23,12.1,9.1,15.0,0.0,244.0,21.7,1021.9
2022-05-24,10.1,8.2,12.0,0.6,204.0,9.9,1018.8
2022-05-25,11.3,9.1,15.0,0.0,226.0,11.1,1016.1
2022-05-28,10.7,9.0,14.0,2.4,337.0,10.4,1009.8
2022-05-29,11.1,8.6,14.0,0.1,251.0,24.1,1013.3
2022-05-30,10.5,8.3,13.0,0.8,229.0,10.5,1021.6
2022-05-31,11.2,8.6,14.0,0.0,255.0,7.1,1021.9
2022-06-01,13.4,10.7,18.0,2.4,312.0,6.8,1016.7
2022-06-02,13.1,10.5,17.0,0.2,265.0,5.6,1012.0
2022-06-03,12.9,10.9,16.0,6.7,158.0,8.4,1007.6
2022-06-04,13.0,10.2,16.0,8.3,49.0,10.1,1006.1
2022-06-05,13.6,10.4,17.0,4.2,278.0,14.9,1005.6
2022-06-06,11.7,9.8,15.0,0.0,226.0,11.7,1019.9
2022-06-07,13.3,9.1,18.0,0.8,343.0,7.0,1016.0
2022-06-08,13.8,11.4,17.0,0.0,230.0,10.8,1015.5
2022-06-09,11.8,10.8,13.0,24.1,58.0,6.3,1011.7
2022-06-10,13.0,10.0,16.0,0.6,232.0,12.1,1012.7
2022-06-11,13.4,11.1,17.0,0.0,228.0,18.8,1013.2
2022-06-12,12.0,9.6,14.0,0.0,248.0,21.5,1010.6
2022-06-13,11.3,9.4,14.0,0.1,251.0,30.8,1016.9
2022-06-14,11.7,8.8,15.0,0.0,246.0,24.4,1021.8
2022-06-15,11.2,8.6,14.0,3.8,241.0,8.7,1016.5
2022-06-16,12.1,10.0,16.0,2.9,239.0,6.6,1013.2
2022-06-17,12.6,9.2,16.0,0.2,242.0,14.0,1010.2
2022-06-18,13.2,10.7,18.0,0.0,248.0,24.3,1015.0
2022-06-19,13.0,10.4,17.0,0.0,237.0,19.8,1021.4
2022-06-20,12.7,10.1,17.0,0.0,222.0,15.4,1025.8
2022-06-21,12.5,10.3,16.0,0.1,207.0,15.7,1025.7
2022-06-22,14.1,10.4,17.0,0.0,248.0,23.1,1020.9
2022-06-23,12.7,9.4,18.0,0.0,231.0,11.8,1021.4
2022-06-24,13.4,10.0,18.0,0.0,257.0,8.8,1022.9
2022-06-25,19.6,12.8,28.0,0.0,358.0,9.5,1021.5
2022-06-26,21.2,14.1,29.0,0.0,357.0,9.2,1018.0
2022-06-27,18.7,14.0,26.0,0.0,291.0,10.3,1013.4
2022-06-28,16.2,13.9,18.0,3.5,234.0,11.6,1016.0
2022-06-29,13.9,13.0,15.0,0.2,210.0,13.9,1020.8
2022-06-30,14.0,11.3,19.0,0.0,243.0,11.6,1020.4
2022-07-01,14.4,11.7,19.0,0.0,236.0,19.6,1018.0
2022-07-02,13.9,11.5,17.0,0.0,230.0,18.4,1014.1
2022-07-03,13.1,11.6,14.0,0.2,244.0,17.6,1012.9
2022-07-04,12.7,11.9,15.0,0.2,211.0,10.3,1015.0
2022-07-05,13.3,11.0,16.0,0.0,250.0,7.9,1014.6
2022-07-06,14.4,12.7,17.0,1.3,234.0,7.8,1013.8
2022-07-07,14.5,12.0,17.0,0.0,236.0,13.9,1016.9
2022-07-08,14.5,12.0,17.0,0.0,227.0,10.3,1019.8
2022-07-09,15.6,12.3,20.0,0.0,252.0,13.2,1021.6
2022-07-10,15.7,13.0,19.0,0.0,223.0,14.7,1026.4
2022-07-11,15.6,13.0,19.0,0.0,241.0,9.1,1021.6
2022-07-12,15.2,12.6,18.0,0.0,233.0,23.1,1013.6
2022-07-13,14.5,11.7,18.0,0.0,228.0,17.3,1017.3
2022-07-14,14.9,11.9,19.0,0.0,227.0,16.1,1016.6
2022-07-15,14.4,12.0,16.0,3.2,214.0,11.1,1017.3
2022-07-16,14.9,12.8,17.0,0.4,242.0,16.2,1018.5
2022-07-17,13.9,11.2,17.0,0.0,241.0,14.4,1017.8
2022-07-18,14.5,12.1,17.0,0.0,223.0,15.4,1020.1
2022-07-19,14.1,11.7,18.0,0.0,238.0,10.5,1018.7
2022-07-20,14.9,13.0,17.0,0.0,245.0,8.7,1018.4
2022-07-21,15.5,13.0,18.0,0.0,237.0,12.3,1016.4
2022-07-22,14.1,12.8,17.0,0.0,220.0,20.6,1017.6
2022-07-23,14.7,11.8,18.0,0.0,222.0,12.9,1019.9
2022-07-24,14.9,12.0,17.6,0.0,249.0,8.3,1019.5
2022-07-25,17.7,13.0,21.0,0.0,253.0,6.9,1014.6
2022-07-26,19.5,15.0,23.0,0.0,263.0,7.5,1011.8
2022-07-27,18.9,16.0,21.8,0.0,244.0,10.6,1014.2
2022-07-28,17.7,15.0,19.7,0.0,240.0,10.1,1014.0
2022-07-29,18.0,14.0,20.0,0.0,251.0,7.7,1012.2
2022-07-30,18.2,14.0,22.0,0.0,258.0,6.7,1012.4
2022-07-31,17.7,15.0,24.0,0.0,243.0,8.3,1012.9
2022-08-01,16.9,12.0,24.0,0.0,226.0,17.4,1013.0
2022-08-02,15.0,13.0,17.0,0.0,214.0,15.9,1016.5
2022-08-03,15.1,12.8,19.0,0.2,235.0,24.2,1013.2
2022-08-04,15.5,12.9,18.0,0.1,250.0,22.0,1016.0
2022-08-05,15.4,12.0,19.0,0.0,244.0,9.5,1018.5
2022-08-06,17.2,13.0,22.0,0.0,253.0,7.5,1018.3
2022-08-07,18.9,14.0,27.0,0.0,285.0,7.4,1017.1
2022-08-08,17.6,15.0,20.0,0.0,279.0,6.1,1014.5
2022-08-09,16.5,14.0,19.1,0.0,231.0,8.2,1013.7
2022-08-10,17.2,14.0,20.8,0.3,236.0,15.8,1015.4
2022-08-11,16.4,14.0,20.0,0.0,231.0,8.7,1018.9
2022-08-12,16.7,13.0,21.0,0.0,252.0,12.1,1016.3
2022-08-13,15.9,14.0,19.0,0.0,215.0,11.6,1021.1
2022-08-14,15.9,13.0,21.0,0.0,236.0,8.8,1020.6
2022-08-15,15.7,12.0,19.0,0.0,234.0,9.5,1017.5
2022-08-16,16.6,13.0,19.9,0.0,232.0,10.5,1017.7
2022-08-17,18.1,14.0,22.0,0.0,263.0,7.0,1015.7
2022-08-18,19.0,14.0,22.2,0.0,278.0,6.7,1012.8
2022-08-19,19.4,15.0,24.0,1.2,234.0,8.2,1012.3
2022-08-20,16.6,13.0,19.0,0.0,217.0,13.9,1013.6
2022-08-21,16.6,14.0,18.0,0.0,208.0,11.8,1016.2
2022-08-22,17.0,14.0,21.0,0.0,239.0,12.4,1018.2
2022-08-23,16.3,14.0,19.0,0.0,242.0,10.0,1017.2
2022-08-24,17.0,13.0,20.4,0.0,255.0,6.9,1013.7
2022-08-25,17.9,14.0,23.0,0.0,237.0,9.3,1014.0
2022-08-26,15.7,13.9,18.0,0.0,231.0,22.3,1014.6
2022-08-27,14.6,13.4,17.0,0.0,229.0,19.7,1014.4
2022-08-28,14.4,13.0,18.0,0.0,231.0,11.6,1015.8
2022-08-29,15.9,13.0,22.0,0.0,255.0,7.0,1016.2
2022-08-30,19.2,15.0,25.0,0.0,281.0,6.4,1015.1
2022-08-31,18.5,14.0,23.9,0.0,240.0,8.9,1013.2
2022-09-01,16.1,14.0,19.7,0.0,206.0,12.9,1015.3
2022-09-02,16.6,12.0,22.0,0.0,248.0,11.6,1011.2
2022-09-03,16.4,14.0,18.0,0.0,200.0,17.4,1016.7
2022-09-04,16.1,14.0,19.0,2.1,239.0,11.6,1017.2
2022-09-05,15.0,13.0,19.0,0.0,239.0,10.7,1021.3
2022-09-06,15.5,11.0,19.0,0.0,281.0,7.8,1017.6
2022-09-07,16.2,13.0,21.0,0.0,248.0,10.2,1020.2
2022-09-08,13.9,11.0,17.0,0.0,262.0,7.4,1023.2
2022-09-09,17.2,11.0,25.0,0.0,20.0,6.9,1017.0
2022-09-10,20.2,16.0,26.0,0.0,19.0,10.1,1011.4
2022-09-11,17.0,14.0,22.6,0.3,225.0,9.9,1014.7
2022-09-12,15.5,13.0,18.0,0.1,226.0,12.3,1015.3
2022-09-13,14.9,13.0,18.0,0.0,224.0,10.7,1012.2
2022-09-14,14.5,13.0,17.0,0.0,237.0,11.3,1012.7
2022-09-15,14.5,13.0,18.0,0.0,234.0,17.9,1016.8
2022-09-16,13.9,12.0,17.0,0.1,246.0,22.8,1017.6
2022-09-17,12.6,11.0,15.0,0.0,277.0,7.5,1012.1
2022-09-18,14.6,11.0,17.0,0.0,262.0,6.8,1009.2
2022-09-19,14.9,10.0,22.0,0.0,339.0,6.2,1011.5
2022-09-20,18.8,15.0,24.0,0.0,358.0,13.7,1016.0
2022-09-21,15.2,11.0,18.0,0.0,259.0,8.2,1014.0
2022-09-22,15.7,12.0,18.0,0.0,218.0,18.9,1016.2
2022-09-23,14.4,13.0,16.0,0.9,221.0,10.2,1020.8
2022-09-24,13.6,12.2,15.0,0.0,264.0,7.3,1023.8
2022-09-25,14.4,12.0,17.0,0.0,269.0,5.2,1021.1
2022-09-26,15.1,12.0,18.0,0.0,273.0,6.2,1014.9
2022-09-27,14.5,11.0,18.0,0.0,241.0,10.8,1011.7
2022-09-28,13.9,12.0,16.0,0.6,205.0,9.2,1014.7
2022-09-29,14.0,12.0,18.0,0.0,263.0,7.1,1020.6
2022-09-30,12.9,10.0,15.0,0.0,267.0,6.8,1022.0
2022-10-01,14.4,11.0,22.0,0.0,289.0,5.5,1017.3
2022-10-02,15.7,11.0,22.0,0.0,331.0,4.5,1015.4
2022-10-03,14.3,11.0,17.1,0.0,292.0,4.7,1017.7
2022-10-04,14.1,11.0,16.0,0.0,229.0,10.8,1017.3
2022-10-05,13.1,11.0,15.0,0.0,256.0,6.5,1021.8
2022-10-06,13.8,10.0,16.1,0.0,284.0,4.4,1021.4
2022-10-07,14.8,12.0,17.3,0.0,257.0,4.3,1022.2
2022-10-08,14.1,11.0,17.0,0.0,292.0,4.2,1021.9
2022-10-09,13.8,10.0,16.0,0.0,297.0,5.0,1020.6
2022-10-10,13.5,11.0,17.0,0.0,252.0,15.9,1017.1
2022-10-11,11.8,8.0,14.0,0.0,268.0,6.2,1022.4
2022-10-12,13.2,9.0,19.0,0.0,20.0,5.3,1024.0
2022-10-13,13.0,9.0,15.4,0.0,306.0,4.1,1021.4
2022-10-14,13.2,9.0,16.0,0.0,319.0,5.3,1017.3
2022-10-15,15.4,10.0,23.0,0.0,20.0,6.9,1015.2
2022-10-16,17.2,13.0,23.0,0.0,356.0,14.4,1014.1
2022-10-17,13.3,9.0,16.0,0.0,226.0,9.1,1019.2
2022-10-18,11.6,9.0,13.0,0.0,323.0,4.1,1023.3
2022-10-19,12.3,9.0,14.0,0.0,269.0,4.6,1025.8
2022-10-20,12.2,10.0,14.0,1.0,246.0,12.7,1018.8
2022-10-21,10.3,9.0,11.0,3.2,253.0,18.4,1010.2
2022-10-22,8.9,6.5,11.0,3.3,262.0,5.6,1007.7
2022-10-23,8.9,5.0,11.0,2.7,15.0,5.2,1018.2
2022-10-24,10.3,7.6,12.0,8.0,261.0,20.2,1014.2
2022-10-25,9.3,8.2,10.0,10.0,226.0,17.5,1015.0
2022-10-26,8.4,5.0,10.0,3.4,234.0,11.7,1016.6
2022-10-27,11.4,8.4,15.0,23.0,191.0,8.8,1012.9
2022-10-28,9.9,8.9,12.0,4.8,207.0,9.6,1019.4
2022-10-29,9.6,8.6,11.0,2.4,169.0,9.2,1024.1
2022-10-30,9.9,8.9,11.0,40.1,152.0,9.3,1016.4
2022-10-31,9.8,6.7,11.0,7.4,258.0,15.5,1009.2
2022-11-01,6.5,4.0,9.0,3.1,313.0,7.4,1007.1
2022-11-02,5.8,2.5,9.0,11.6,26.0,6.9,1014.6
2022-11-03,5.6,2.3,7.0,9.9,39.0,8.9,1018.9
2022-11-04,9.3,6.2,13.0,26.7,212.0,19.6,1001.1
2022-11-05,7.1,5.8,8.0,0.0,248.0,29.3,1008.8
2022-11-06,5.2,3.8,7.0,7.4,139.0,9.1,999.9
2022-11-07,2.7,0.0,4.0,4.2,10.0,15.3,1003.7
2022-11-08,3.0,1.0,5.0,0.0,5.0,17.3,1014.9
2022-11-09,3.5,0.0,6.0,0.0,332.0,6.1,1019.8
2022-11-10,5.2,2.8,7.0,0.2,14.0,8.1,1027.6
2022-11-11,5.3,4.0,6.0,0.0,10.0,12.4,1021.7
2022-11-12,5.3,1.9,8.0,0.0,9.0,7.0,1024.3
2022-11-13,5.3,1.8,8.0,0.0,359.0,4.8,1029.6
2022-11-14,5.7,4.0,9.0,0.0,22.0,7.0,1030.7
2022-11-15,5.4,3.0,8.0,0.0,23.0,9.9,1034.1
2022-11-16,4.6,2.0,8.0,0.0,31.0,9.6,1033.7
2022-11-17,8.1,4.0,10.0,0.0,35.0,15.5,1032.5
2022-11-18,4.7,2.5,7.0,0.0,13.0,10.9,1032.4
2022-11-19,4.4,2.0,7.0,0.0,13.0,9.0,1026.9
2022-11-20,5.0,2.0,7.0,0.0,18.0,7.6,1026.1
2022-11-21,6.8,4.7,9.0,0.0,18.0,7.6,1024.4
2022-11-22,7.8,5.7,10.0,11.2,316.0,12.6,1013.8
2022-11-23,8.5,6.3,10.0,0.0,34.0,12.5,1026.6
2022-11-24,7.1,4.8,10.0,0.0,3.0,8.6,1024.2
2022-11-25,8.2,6.1,9.3,5.4,255.0,16.1,1023.5
2022-11-26,7.0,3.0,9.0,11.4,219.0,16.2,1025.1
2022-11-27,5.7,2.7,7.0,2.4,260.0,23.4,1013.5
2022-11-28,2.1,-0.2,4.0,0.2,15.0,9.3,1013.7
2022-11-29,2.1,-0.7,6.0,8.7,77.0,21.5,1008.8
2022-11-30,3.7,0.9,5.0,4.8,263.0,14.6,998.5
2022-12-01,0.4,-1.3,1.0,0.3,12.0,12.4,1007.7
2022-12-02,3.1,-1.1,6.0,0.8,67.0,16.7,1015.5
2022-12-03,3.2,1.2,5.0,6.8,25.0,17.8,1020.4
2022-12-04,2.5,0.7,4.0,0.0,9.0,12.2,1016.6
2022-12-05,2.7,1.5,4.0,0.0,11.0,7.8,1017.4
2022-12-06,4.0,2.3,6.0,2.0,58.0,6.2,1019.7
2022-12-07,5.3,3.7,7.0,1.1,73.0,9.7,1017.7
2022-12-08,5.7,2.8,7.0,4.2,235.0,14.0,1012.2
2022-12-09,4.1,0.8,7.0,7.2,72.0,23.3,1005.0
2022-12-10,6.8,3.5,9.0,8.8,85.0,19.9,993.4
2022-12-11,6.3,3.0,8.0,0.5,342.0,8.4,1008.0
2022-12-12,3.9,0.0,7.0,0.0,359.0,5.7,1018.9
2022-12-13,3.7,-0.2,6.0,0.0,350.0,4.0,1024.3
2022-12-14,4.8,1.2,6.0,0.0,353.0,7.6,1030.8
2022-12-15,3.3,0.5,6.0,0.0,4.0,6.9,1033.6
2022-12-16,3.0,0.0,4.0,0.0,358.0,7.6,1028.6
2022-12-17,2.5,0.2,4.0,0.3,357.0,7.0,1018.0
2022-12-18,1.0,-3.5,4.5,1.0,304.0,19.5,1015.0
2022-12-19,-4.1,-5.0,-2.3,3.5,8.0,18.4,1025.3
2022-12-20,-2.2,-4.0,0.0,19.6,17.0,13.8,1020.9
2022-12-21,-5.3,-7.2,-1.9,0.0,35.0,16.0,1033.6
2022-12-22,-4.8,-7.0,-3.0,1.3,48.0,14.9,1029.3
2022-12-23,-0.3,-3.9,3.7,12.9,13.0,14.9,1016.0
2022-12-24,6.9,3.5,11.0,22.1,340.0,9.8,1015.9
2022-12-25,7.8,4.3,10.0,4.7,30.0,9.2,1019.2
2022-12-26,8.8,5.5,11.0,26.4,72.0,19.7,1001.5
2022-12-27,8.2,5.1,10.0,20.9,2.0,20.6,982.0
2022-12-28,6.5,4.6,8.0,0.1,229.0,19.8,1006.4
2022-12-29,6.9,4.8,8.0,3.3,85.0,16.2,1001.4
2022-12-30,7.2,5.1,9.0,14.8,168.0,11.5,997.3
2022-12-31,7.2,3.9,9.0,1.0,236.0,18.6,1009.6
2023-01-01,4.6,1.9,7.0,0.0,6.0,7.3,1018.9
2023-01-02,4.9,3.7,6.0,0.0,16.0,10.7,1007.4
2023-01-03,5.4,3.5,7.0,1.4,38.0,10.7,1009.5
2023-01-04,6.5,4.1,10.0,2.7,50.0,12.8,1007.7
2023-01-05,8.7,4.2,11.0,5.5,60.0,22.5,998.2
2023-01-06,8.1,5.0,10.0,7.1,94.0,16.5,1012.2
2023-01-07,7.4,5.8,8.0,4.7,70.0,11.3,1009.4
2023-01-08,6.8,3.1,9.0,12.5,37.0,10.9,1002.8
2023-01-09,7.4,3.3,11.0,3.2,70.0,13.2,999.7
2023-01-10,7.7,5.3,10.0,0.1,23.0,11.9,1003.8
2023-01-11,8.3,5.3,11.0,1.7,80.0,18.3,1008.9
2023-01-12,8.8,6.3,10.0,15.1,110.0,33.1,1008.5
2023-01-13,9.3,7.4,11.0,14.3,41.0,13.3,1005.0
2023-01-14,8.8,6.0,11.0,0.0,26.0,12.4,997.4
2023-01-15,7.8,5.7,10.0,4.2,55.0,17.7,993.3
2023-01-16,6.9,4.2,9.0,2.0,30.0,6.0,1004.6
2023-01-17,6.6,4.2,8.0,1.3,69.0,8.5,1011.2
2023-01-18,6.5,4.2,8.0,6.2,233.0,20.5,1010.4
2023-01-19,4.2,0.0,7.0,0.1,308.0,12.2,1027.2
2023-01-20,4.9,2.3,6.0,0.0,58.0,7.5,1032.4
2023-01-21,3.6,1.4,5.0,2.6,358.0,11.1,1022.8
2023-01-22,3.4,0.0,7.0,0.0,357.0,11.7,1030.5
2023-01-23,5.7,3.0,8.0,0.7,98.0,6.9,1032.7
2023-01-24,7.3,5.4,9.0,1.5,302.0,13.2,1034.6
2023-01-25,6.8,4.9,8.0,0.0,6.0,6.9,1039.9
2023-01-26,6.8,3.4,9.0,0.7,242.0,16.7,1035.2
2023-01-27,7.6,5.1,9.0,0.5,53.0,17.4,1023.4
2023-01-28,5.3,2.1,8.0,0.0,15.0,17.7,1022.9
2023-01-29,1.6,-1.0,4.0,0.0,20.0,17.4,1032.7
2023-01-30,0.9,-2.0,3.0,0.0,30.0,8.6,1030.3
2023-01-31,3.1,1.6,5.0,1.7,80.0,12.7,1024.0
2023-02-01,3.9,2.3,6.0,0.5,36.0,11.0,1020.9
2023-02-02,4.8,2.5,7.0,0.2,14.0,10.1,1019.3
2023-02-03,7.1,4.9,9.0,5.9,73.0,18.4,1010.5
2023-02-04,7.7,4.9,10.0,2.4,46.0,11.4,1012.4
2023-02-05,7.5,5.9,10.0,0.5,287.0,21.3,1011.5
2023-02-06,7.5,6.1,9.0,6.8,153.0,15.8,1025.3
2023-02-07,7.3,4.4,10.0,15.8,237.0,21.5,1019.4
2023-02-08,5.8,3.8,8.0,0.0,185.0,16.9,1030.5
2023-02-09,6.0,5.0,8.0,7.1,10.0,12.7,1021.4
2023-02-10,7.3,4.9,9.0,2.8,235.0,16.8,1021.8
2023-02-11,5.2,2.5,8.0,0.0,303.0,10.7,1026.4
2023-02-12,5.7,3.5,7.0,4.5,204.0,9.8,1020.7
2023-02-13,5.1,2.8,7.0,2.5,256.0,33.1,1010.0
2023-02-14,2.9,-1.8,7.0,0.0,313.0,11.4,1020.9
2023-02-15,3.3,-1.0,6.0,0.0,72.0,9.3,1027.3
2023-02-16,4.8,2.5,7.0,0.1,39.0,9.2,1021.8
2023-02-17,5.4,3.3,8.0,4.3,247.0,11.3,1023.5
2023-02-18,6.2,5.2,8.0,5.5,226.0,11.7,1020.6
2023-02-19,7.4,5.5,9.0,0.8,247.0,31.2,1022.1
2023-02-20,8.2,4.8,10.0,6.9,246.0,40.9,1014.6
2023-02-21,5.2,1.8,8.0,2.5,288.0,30.5,1000.5
2023-02-22,-0.3,-2.0,1.5,0.5,38.0,26.5,1003.6
2023-02-23,-1.3,-2.4,0.0,0.7,43.0,25.4,1010.5
2023-02-24,-1.7,-3.9,0.0,0.0,13.0,16.8,1021.1
2023-02-25,0.2,-2.1,2.0,4.1,31.0,9.6,1011.8
2023-02-26,3.0,0.6,5.0,3.7,256.0,25.0,1000.6
2023-02-27,1.9,-0.4,4.0,4.9,27.0,14.6,999.6
2023-02-28,2.3,-1.7,5.0,5.4,339.0,12.7,1001.4
2023-03-01,2.5,-1.5,6.0,1.5,283.0,8.2,1016.6
2023-03-02,4.8,2.1,8.0,4.3,241.0,26.0,1012.1
2023-03-03,4.4,1.8,6.0,4.6,176.0,21.2,1011.4
2023-03-04,4.5,1.4,7.0,2.6,99.0,27.7,998.8
2023-03-05,5.0,1.0,8.0,0.7,26.0,11.2,1007.0
2023-03-06,5.5,2.4,8.0,0.0,94.0,20.1,1013.9
2023-03-07,5.5,1.0,9.0,0.0,58.0,11.0,1016.3
2023-03-08,5.3,2.0,8.0,0.1,57.0,11.9,1014.0
2023-03-09,6.1,3.7,9.0,0.0,77.0,21.5,1008.8
2023-03-10,5.1,2.8,6.0,4.4,43.0,15.0,1000.1
2023-03-11,5.6,1.0,9.0,6.7,333.0,9.1,1012.0
2023-03-12,4.6,0.3,7.0,7.5,12.0,9.5,1008.4
2023-03-13,6.2,3.1,9.0,0.9,258.0,24.7,1005.0
2023-03-14,5.3,1.8,8.0,1.5,200.0,14.7,1009.2
2023-03-15,5.8,2.4,9.0,0.3,248.0,25.2,1019.7
2023-03-16,5.4,1.1,9.0,0.0,358.0,12.4,1025.1
2023-03-17,7.2,4.2,12.0,0.0,0.0,11.5,1021.0
2023-03-18,8.7,5.0,15.0,0.0,5.0,7.9,1017.0
2023-03-19,9.7,7.0,13.0,0.1,2.0,11.0,1007.9
2023-03-20,8.2,5.7,11.0,4.3,67.0,8.9,1005.8
2023-03-21,7.4,4.6,11.0,0.0,309.0,9.6,1010.2
2023-03-22,7.7,4.0,12.0,0.0,294.0,11.0,1009.5
2023-03-23,6.6,3.5,9.0,1.6,248.0,27.3,1011.7
2023-03-24,4.5,2.9,7.0,2.0,259.0,20.7,1019.4
2023-03-25,5.3,2.5,8.0,0.1,238.0,16.7,1023.9
2023-03-26,4.7,0.8,8.0,0.2,26.0,8.5,1025.6
2023-03-27,6.1,0.8,10.0,0.0,21.0,13.4,1023.1
2023-03-28,10.5,5.8,15.0,0.0,27.0,18.8,1011.6
2023-03-29,9.6,6.7,12.0,0.0,261.0,14.2,1009.9
2023-03-30,7.7,5.1,11.0,0.0,255.0,24.0,1009.4
2023-03-31,6.6,4.6,8.0,6.1,287.0,13.6,1010.8
2023-04-01,4.8,3.1,6.0,0.2,250.0,26.2,1011.5
2023-04-02,4.1,1.4,7.0,3.4,322.0,7.7,1012.5
2023-04-03,4.8,0.2,9.0,0.0,261.0,14.7,1017.2
2023-04-04,5.2,1.0,9.0,0.4,271.0,12.8,1020.7
2023-04-05,5.6,1.0,10.0,2.1,47.0,8.7,1020.0
2023-04-06,8.5,4.9,11.0,4.7,97.0,26.4,1008.8
2023-04-07,9.1,6.8,11.0,1.2,243.0,20.0,1008.9
2023-04-08,8.1,5.9,10.0,0.3,62.0,11.4,1012.5
2023-04-09,9.0,6.7,13.0,9.8,6.0,13.7,1014.1
2023-04-10,7.4,5.5,9.0,0.6,299.0,12.9,1017.5
2023-04-11,6.7,4.7,9.0,4.7,226.0,19.8,1015.3
2023-04-12,7.3,4.7,11.0,0.0,298.0,19.7,1018.3
2023-04-13,6.8,4.3,8.0,0.9,229.0,23.8,1016.7
2023-04-14,6.6,2.5,10.0,0.0,279.0,8.8,1017.0
2023-04-15,7.7,4.9,9.0,4.1,333.0,7.6,1017.6
2023-04-16,6.9,3.9,10.0,5.9,293.0,16.3,1012.1
2023-04-17,6.2,2.8,9.0,8.2,103.0,21.3,1006.4
2023-04-18,6.4,2.9,9.0,10.6,178.0,17.4,1007.3
2023-04-19,7.1,4.1,10.0,1.4,183.0,14.9,1018.3
2023-04-20,6.0,2.4,8.0,2.5,133.0,21.8,1022.5
2023-04-21,7.7,5.5,10.0,2.5,232.0,11.4,1027.4
2023-04-22,9.1,6.5,13.0,4.8,41.0,10.9,1020.7
2023-04-23,9.0,6.5,11.0,6.1,258.0,17.5,1010.6
2023-04-24,8.7,5.9,12.0,1.2,242.0,20.3,1018.8
2023-04-25,8.5,5.8,11.0,0.0,225.0,19.0,1024.8
2023-04-26,9.8,6.4,16.0,1.8,279.0,14.3,1022.4
2023-04-27,11.1,7.3,17.0,0.0,339.0,11.6,1023.6
2023-04-28,14.7,8.0,21.0,0.0,22.0,10.6,1016.6
2023-04-29,14.0,10.0,17.0,0.0,221.0,12.7,1013.1
2023-04-30,11.7,9.9,14.0,0.0,229.0,20.9,1012.4
2023-05-01,10.9,8.9,14.0,0.1,243.0,11.8,1011.7
2023-05-02,12.7,9.3,16.0,0.0,248.0,11.8,1008.4
2023-05-03,13.3,11.0,15.6,0.0,235.0,15.6,1008.6
2023-05-04,12.1,9.6,15.0,1.0,247.0,21.9,1007.1
2023-05-05,10.1,8.7,11.0,6.1,218.0,15.4,1010.9
2023-05-06,9.8,7.6,12.0,0.0,219.0,21.4,1014.7
2023-05-07,10.6,8.6,13.0,0.0,210.0,15.9,1017.0
2023-05-08,10.2,7.8,13.0,0.0,249.0,13.8,1016.1
2023-05-09,11.4,8.5,14.0,0.0,234.0,20.8,1018.9
2023-05-10,10.8,7.6,16.0,0.0,247.0,16.2,1018.3
2023-05-11,12.2,9.0,16.0,0.0,243.0,15.0,1020.2
2023-05-12,15.8,10.0,22.0,0.0,346.0,8.5,1022.9
2023-05-13,19.4,12.0,27.0,0.0,351.0,10.2,1023.6
2023-05-14,19.1,13.0,26.0,0.0,15.0,8.1,1018.2
2023-05-15,18.8,14.0,22.0,0.0,260.0,13.1,1015.0
2023-05-16,15.4,13.0,18.6,0.0,217.0,23.8,1018.6
2023-05-17,14.6,12.0,17.6,0.0,238.0,14.0,1015.1
2023-05-18,15.6,11.0,19.0,0.6,237.0,21.8,1013.6
2023-05-19,14.0,11.0,17.0,1.9,232.0,20.5,1019.1
2023-05-20,14.3,11.0,19.0,0.0,238.0,26.7,1019.6
2023-05-21,12.5,10.4,14.0,0.0,249.0,36.8,1021.3
2023-05-22,12.3,10.5,16.0,0.0,243.0,22.5,1021.3
2023-05-23,11.5,9.0,14.0,0.0,230.0,11.6,1020.4
2023-05-24,12.6,9.8,16.0,0.0,236.0,13.2,1018.5
2023-05-25,13.7,11.0,17.0,0.0,242.0,12.1,1014.4
2023-05-26,14.9,12.0,19.0,0.0,247.0,17.5,1012.6
2023-05-27,14.2,11.2,18.0,0.0,238.0,23.6,1014.3
2023-05-28,12.6,10.3,16.0,0.0,229.0,22.2,1016.9
2023-05-29,12.8,9.7,16.0,0.0,234.0,26.9,1014.1
2023-05-30,11.4,8.6,15.0,0.0,246.0,33.8,1015.9
2023-05-31,11.5,8.5,15.0,0.0,246.0,30.9,1017.9
2023-06-01,12.0,8.3,16.0,0.0,235.0,24.9,1018.3
2023-06-02,13.0,9.1,17.0,0.0,231.0,24.2,1019.0
2023-06-03,13.4,9.4,18.0,0.0,233.0,24.3,1020.3
2023-06-04,12.2,8.7,16.0,0.0,234.0,25.6,1024.0
2023-06-05,12.6,8.9,17.0,0.0,233.0,14.9,1021.5
2023-06-06,15.8,11.0,20.0,0.0,249.0,8.1,1013.5
2023-06-07,16.6,12.0,21.0,0.0,252.0,12.4,1010.0
2023-06-08,16.0,13.0,19.0,0.0,224.0,24.9,1012.9
2023-06-09,12.9,11.9,14.4,5.2,239.0,22.2,1015.7
2023-06-10,12.1,11.0,14.0,5.2,221.0,12.4,1018.1
2023-06-11,14.8,12.0,18.0,0.0,228.0,9.2,1017.5
2023-06-12,16.6,12.0,22.0,0.0,234.0,13.0,1015.0
2023-06-13,14.0,11.5,16.7,0.0,251.0,33.8,1014.1
2023-06-14,12.9,10.6,16.0,0.0,194.0,17.1,1018.4
2023-06-15,13.4,10.5,17.0,0.0,233.0,19.9,1021.3
2023-06-16,14.1,11.8,17.0,0.0,230.0,26.5,1020.4
2023-06-17,12.0,9.2,14.0,0.0,253.0,34.7,1016.1
2023-06-18,11.4,8.7,14.0,0.0,247.0,29.9,1011.2
2023-06-19,11.5,8.3,15.0,0.4,247.0,22.3,1012.4
2023-06-20,12.3,10.5,14.0,0.1,189.0,10.8,1020.4
2023-06-21,13.3,10.4,16.0,0.0,219.0,15.2,1022.8
2023-06-22,13.2,10.0,16.0,0.0,245.0,13.4,1017.2
2023-06-23,14.8,11.0,21.0,0.0,247.0,18.3,1013.8
2023-06-24,12.8,11.0,16.0,0.0,216.0,27.0,1018.9
2023-06-25,14.2,11.0,19.0,0.0,231.0,18.3,1018.7
2023-06-26,15.3,13.0,20.0,0.0,234.0,22.7,1016.0
2023-06-27,13.5,11.0,17.4,0.0,209.0,20.0,1013.8
2023-06-28,15.3,12.0,20.0,0.0,222.0,21.0,1014.9
2023-06-29,15.9,12.9,20.0,0.0,228.0,26.8,1017.1
2023-06-30,15.3,11.9,20.0,0.0,223.0,21.1,1018.8
2023-07-01,14.4,9.6,19.0,0.0,241.0,30.7,1021.0
2023-07-02,13.6,11.6,17.0,0.0,236.0,14.0,1020.4
2023-07-03,15.3,13.0,20.0,0.0,261.0,10.6,1018.2
2023-07-04,18.1,13.0,22.0,0.0,259.0,8.5,1017.6
2023-07-05,17.8,13.0,21.2,0.0,256.0,9.5,1014.1
2023-07-06,17.3,13.0,23.0,0.0,237.0,16.3,1011.9
2023-07-07,15.7,12.0,18.0,0.0,220.0,25.1,1011.2
2023-07-08,15.0,13.0,19.0,0.0,217.0,23.0,1013.4
2023-07-09,15.7,12.4,20.0,0.0,230.0,24.0,1012.9
2023-07-10,14.1,11.7,17.0,0.0,214.0,27.1,1016.3
2023-07-11,14.6,12.1,17.0,0.0,218.0,20.5,1018.6
2023-07-12,15.5,12.6,20.0,0.1,234.0,22.1,1017.1
2023-07-13,15.3,12.2,19.0,0.0,222.0,19.4,1019.2
2023-07-14,16.2,13.0,19.4,0.0,219.0,16.0,1019.9
2023-07-15,16.1,14.0,18.1,0.0,237.0,20.3,1018.0
2023-07-16,17.1,14.0,21.0,0.0,229.0,25.1,1015.8
2023-07-17,16.5,13.7,19.0,0.0,244.0,29.7,1018.6
2023-07-18,14.8,12.0,18.0,0.0,230.0,17.3,1021.2
2023-07-19,16.8,13.0,21.0,0.0,242.0,13.7,1019.0
2023-07-20,18.0,14.0,21.0,0.0,237.0,19.8,1017.5
2023-07-21,15.9,13.0,19.0,0.0,225.0,24.5,1018.7
2023-07-22,16.2,13.0,19.0,0.0,218.0,23.2,1017.5
2023-07-23,16.5,13.2,22.0,0.0,236.0,17.4,1014.8
2023-07-24,15.2,13.0,17.0,9.0,212.0,16.0,1015.4
2023-07-25,15.2,13.0,19.0,0.5,229.0,18.8,1021.4
2023-07-26,14.1,10.8,17.0,0.0,237.0,15.6,1021.4
2023-07-27,15.9,14.0,19.0,0.0,234.0,14.9,1017.8
2023-07-28,16.2,13.0,20.0,0.0,234.0,20.4,1017.5
2023-07-29,15.9,12.4,20.0,0.0,241.0,27.3,1018.4
2023-07-30,15.6,11.8,20.0,0.0,234.0,26.3,1020.2
2023-07-31,16.1,11.8,21.0,0.0,230.0,18.4,1020.3
2023-08-01,15.2,13.0,19.0,0.0,242.0,14.4,1019.2
2023-08-02,15.7,13.0,21.0,0.0,232.0,12.9,1018.0
2023-08-03,15.8,13.0,18.1,0.0,244.0,14.4,1019.2
2023-08-04,16.8,14.0,22.0,0.0,238.0,18.1,1020.1
2023-08-05,16.0,13.0,21.2,0.0,234.0,15.2,1020.2
2023-08-06,17.9,15.0,20.0,0.0,237.0,22.3,1020.8
2023-08-07,17.1,14.0,20.0,0.0,229.0,20.6,1019.5
2023-08-08,16.4,15.0,20.0,0.0,219.0,19.9,1015.8
2023-08-09,16.5,14.0,19.0,4.4,233.0,17.1,1012.3
2023-08-10,16.0,13.9,19.0,0.0,232.0,20.9,1015.6
2023-08-11,16.1,13.0,20.0,0.0,229.0,16.0,1017.6
2023-08-12,16.5,14.0,20.0,0.0,239.0,14.2,1021.9
2023-08-13,18.9,15.0,23.0,0.0,263.0,8.5,1020.5
2023-08-14,20.2,15.0,24.0,0.0,292.0,7.1,1016.4
2023-08-15,20.3,15.0,24.3,0.0,246.0,8.9,1015.3
2023-08-16,19.2,14.0,22.3,0.0,243.0,8.5,1015.1
2023-08-17,18.4,14.0,24.0,0.0,246.0,15.2,1009.6
2023-08-18,14.8,12.3,17.0,0.0,223.0,18.5,1013.1
2023-08-19,15.1,13.0,18.0,0.0,269.0,10.7,1015.8
2023-08-20,16.1,13.0,18.0,0.0,264.0,9.3,1012.4
2023-08-21,15.3,12.0,19.0,0.0,243.0,20.5,1010.5
2023-08-22,14.9,12.0,18.0,0.0,204.0,16.7,1016.0
2023-08-23,14.5,11.8,17.0,0.0,224.0,16.2,1019.4
2023-08-24,16.7,12.0,23.0,0.0,354.0,11.3,1018.3
2023-08-25,17.8,15.0,22.0,0.0,351.0,7.2,1015.9
2023-08-26,17.9,14.0,21.0,0.0,288.0,6.8,1016.6
2023-08-27,18.2,14.0,21.8,0.0,248.0,12.0,1016.7
2023-08-28,16.5,15.0,21.5,0.9,233.0,25.3,1017.6
2023-08-29,15.6,14.1,17.0,1.2,275.0,16.4,1018.6
2023-08-30,16.0,13.9,20.0,0.9,239.0,19.2,1018.4
2023-08-31,14.9,13.0,17.0,0.7,249.0,8.7,1012.8
2023-09-01,15.7,13.0,20.0,0.0,253.0,8.6,1012.5
2023-09-02,16.9,14.0,23.0,0.0,283.0,8.5,1013.2
2023-09-03,16.7,13.4,20.8,0.0,268.0,14.8,1012.9
2023-09-04,13.9,12.0,16.0,0.0,221.0,14.0,1016.7
2023-09-05,13.4,11.2,16.0,0.0,224.0,20.5,1016.3
2023-09-06,13.8,12.0,17.0,0.2,231.0,10.9,1015.3
2023-09-07,14.1,12.9,16.0,0.0,233.0,11.7,1017.2
2023-09-08,12.9,11.0,15.0,0.0,238.0,12.1,1020.2
2023-09-09,13.8,10.0,17.0,0.0,259.0,9.8,1019.8
2023-09-10,15.5,12.0,19.0,0.0,237.0,11.8,1017.1
2023-09-11,16.0,14.0,20.0,0.5,228.0,14.1,1017.7
2023-09-12,14.1,12.3,16.0,2.0,206.0,10.3,1018.0
2023-09-13,13.5,11.0,16.0,0.0,265.0,8.4,1021.6
2023-09-14,14.6,11.0,19.0,0.0,326.0,7.3,1019.6
2023-09-15,15.0,11.0,19.0,0.0,274.0,7.8,1015.5
2023-09-16,14.4,10.0,19.0,0.0,256.0,16.7,1014.2
2023-09-17,14.9,11.9,18.0,0.7,217.0,19.6,1015.9
2023-09-18,13.6,10.7,17.0,2.0,243.0,24.9,1018.0
2023-09-19,12.8,10.5,17.0,0.9,236.0,21.8,1017.6
2023-09-20,12.5,9.8,15.0,3.1,261.0,14.0,1018.5
2023-09-21,13.5,10.0,18.0,0.0,258.0,7.8,1019.2
2023-09-22,13.4,9.0,16.0,0.0,251.0,8.3,1014.8
2023-09-23,13.1,10.2,14.4,2.9,231.0,10.5,1012.9
2023-09-24,12.8,8.4,16.0,3.7,63.0,18.9,1011.4
2023-09-25,14.2,11.8,16.0,9.6,112.0,25.4,1005.3
2023-09-26,12.3,10.0,16.0,0.8,36.0,9.4,1011.8
2023-09-27,13.0,11.0,15.0,9.7,0.0,18.9,1012.8
2023-09-28,12.2,8.5,15.0,0.2,231.0,17.1,1016.8
2023-09-29,9.8,5.6,14.0,0.0,297.0,9.3,1015.2
2023-09-30,10.2,7.0,13.0,0.0,265.0,7.6,1017.5
2023-10-01,11.4,8.0,14.0,0.0,273.0,7.5,1019.7
2023-10-02,11.6,11.0,12.1,24.2,105.0,13.9,1015.5
2023-10-03,11.7,10.0,14.0,0.0,240.0,11.7,1021.5
2023-10-04,12.1,10.0,15.0,0.0,261.0,10.7,1027.0
2023-10-05,14.2,10.0,19.0,0.0,9.0,8.3,1028.2
2023-10-06,15.3,11.0,22.0,0.0,19.0,8.4,1021.9
2023-10-07,15.3,13.0,21.0,0.0,354.0,8.8,1013.2
2023-10-08,13.5,10.0,15.0,0.0,214.0,12.3,1008.5
2023-10-09,13.6,12.0,15.0,1.4,276.0,10.1,1002.6
2023-10-10,11.9,9.5,14.0,5.0,97.0,14.7,997.5
2023-10-11,11.5,9.5,14.0,0.8,54.0,11.7,1004.3
2023-10-12,10.3,8.0,13.0,0.0,18.0,8.0,1016.5
2023-10-13,13.3,10.9,17.0,0.2,29.0,14.0,1009.2
2023-10-14,12.0,9.3,15.0,3.2,20.0,7.6,1014.6
2023-10-15,13.5,10.7,17.0,3.4,34.0,10.1,1018.6
2023-10-16,13.0,10.6,15.0,10.1,298.0,17.7,1011.3
2023-10-17,10.9,9.0,12.0,9.2,57.0,8.4,1020.7
2023-10-18,12.9,10.3,16.0,0.2,11.0,10.0,1016.8
2023-10-19,12.8,10.6,14.0,2.5,213.0,10.6,1017.1
2023-10-20,11.8,9.3,15.0,0.0,310.0,9.7,1017.8
2023-10-21,11.0,9.0,13.0,0.0,339.0,6.8,1013.0
2023-10-22,10.7,7.6,14.0,0.0,270.0,5.9,1013.0
2023-10-23,10.2,7.2,12.0,0.0,259.0,20.9,1015.6
2023-10-24,7.8,3.0,10.0,27.1,340.0,16.7,1010.0
2023-10-25,6.3,2.1,10.0,6.1,2.0,20.2,1012.3
2023-10-26,5.3,2.0,9.0,0.0,348.0,10.0,1023.7
2023-10-27,5.7,1.6,9.0,0.0,355.0,11.3,1030.3
2023-10-28,4.7,1.0,9.0,0.0,0.0,6.6,1034.0
2023-10-29,5.6,2.0,10.0,0.0,2.0,9.1,1031.9
2023-10-30,7.0,3.0,11.0,0.0,14.0,8.5,1027.2
2023-10-31,7.3,4.3,11.0,0.0,12.0,7.7,1022.2
2023-11-01,8.2,4.2,11.0,8.7,13.0,8.5,1017.7
2023-11-02,11.4,8.3,15.0,18.5,304.0,19.9,1009.8
2023-11-03,11.2,10.0,13.0,5.8,31.0,15.3,1017.5
2023-11-04,13.0,10.4,17.0,18.3,289.0,19.0,1005.3
2023-11-05,10.7,9.2,12.0,11.5,43.0,10.2,1007.2
2023-11-06,10.0,7.5,12.0,4.1,52.0,8.2,1000.7
2023-11-07,10.0,8.1,12.0,1.1,254.0,22.7,1017.3
2023-11-08,8.8,6.2,11.0,1.8,92.0,10.7,1029.0
2023-11-09,7.8,5.7,10.0,3.0,353.0,10.9,1017.6
2023-11-10,8.6,6.7,10.0,7.3,129.0,10.4,1015.7
2023-11-11,9.6,7.4,11.0,18.2,236.0,25.7,1010.6
2023-11-12,9.0,7.0,11.0,7.3,78.0,13.3,1011.2
2023-11-13,7.8,3.2,11.0,0.0,266.0,17.0,1017.0
2023-11-14,4.9,1.2,8.0,0.0,353.0,7.1,1018.9
2023-11-15,4.4,0.7,8.0,0.9,350.0,6.6,1016.1
2023-11-16,5.2,2.8,8.0,0.0,1.0,10.6,1020.7
2023-11-17,5.7,3.1,9.0,0.0,6.0,9.8,1017.4
2023-11-18,7.4,4.2,11.0,1.8,5.0,8.6,1006.1
2023-11-19,8.4,4.6,10.0,2.0,256.0,27.9,1022.4
2023-11-20,7.3,5.5,9.0,0.0,51.0,11.9,1031.4
2023-11-21,7.3,4.9,10.0,10.0,8.0,10.4,1023.1
2023-11-22,7.2,2.7,10.0,0.3,346.0,7.0,1029.1
2023-11-23,5.4,1.6,10.0,0.0,334.0,9.1,1031.4
2023-11-24,4.4,1.0,8.0,0.0,350.0,6.9,1029.9
2023-11-25,4.2,1.9,8.0,0.0,3.0,7.6,1028.8
2023-11-26,4.3,2.1,7.0,0.0,1.0,9.5,1025.3
2023-11-27,4.5,2.2,7.0,0.0,9.0,9.3,1023.4
2023-11-28,4.1,1.5,6.0,0.0,349.0,8.0,1022.6
2023-11-29,4.1,1.0,7.0,0.0,7.0,7.2,1019.9
2023-11-30,4.7,1.6,7.0,2.5,23.0,10.2,1011.0
2023-12-01,6.6,3.8,9.0,13.9,172.0,16.7,1004.7
2023-12-02,7.4,5.6,9.0,16.6,223.0,20.4,1005.0
2023-12-03,8.7,6.0,12.0,6.9,143.0,15.8,1009.7
2023-12-04,8.2,6.5,11.6,28.9,30.0,12.5,1012.4
2023-12-05,10.5,7.1,12.0,10.6,265.0,13.0,1012.6
2023-12-06,8.1,5.6,9.0,1.8,339.0,7.4,1009.0
2023-12-07,6.2,4.5,8.0,13.2,299.0,14.8,1011.0
2023-12-08,5.2,1.0,8.0,0.0,116.0,13.4,1026.5
2023-12-09,6.1,4.8,7.0,18.8,86.0,18.3,1020.5
2023-12-10,7.3,5.0,9.0,2.0,349.0,8.9,1018.2
2023-12-11,6.9,3.4,8.0,0.4,9.0,9.8,1024.0
2023-12-12,5.4,3.1,7.0,0.0,6.0,11.6,1023.2
2023-12-13,6.8,4.4,9.0,0.2,359.0,12.2,1016.8
2023-12-14,7.1,5.6,8.0,8.9,356.0,10.8,1021.4
2023-12-15,7.1,3.9,9.0,1.3,6.0,11.2,1023.0
2023-12-16,5.4,3.2,7.0,0.0,345.0,6.9,1021.7
2023-12-17,6.8,3.9,10.0,0.0,11.0,8.4,1019.9
2023-12-18,7.5,6.5,8.0,5.4,30.0,9.0,1006.2
2023-12-19,8.6,5.8,10.0,2.0,19.0,12.1,1001.6
2023-12-20,7.6,4.7,10.0,0.4,256.0,7.1,1012.7
2023-12-21,8.9,7.3,10.0,0.0,154.0,8.5,1015.6
2023-12-22,7.4,4.8,9.0,5.1,237.0,22.0,1015.5
2023-12-23,3.9,1.0,7.0,0.2,3.0,12.6,1025.9
2023-12-24,5.4,2.4,8.0,0.0,36.0,13.3,1019.4
2023-12-25,8.2,5.2,10.0,20.0,104.0,31.8,1013.4
2023-12-26,8.6,6.6,10.0,5.3,39.0,15.1,1017.2
2023-12-27,10.5,6.7,13.0,1.7,97.0,30.2,1007.4
2023-12-28,10.0,7.6,12.0,0.3,86.0,16.5,1016.2
2023-12-29,10.9,8.4,13.0,0.6,24.0,18.3,1010.3
2023-12-30,9.8,7.8,11.0,2.2,299.0,13.3,1013.0
2023-12-31,7.3,4.5,9.0,0.0,158.0,7.6,1021.8
2024-01-01,5.8,3.5,7.0,0.0,34.0,9.0,1022.8
2024-01-02,7.2,5.2,9.0,7.0,35.0,15.7,1014.4
2024-01-03,7.8,5.0,9.0,2.0,354.0,12.1,1014.5
2024-01-04,8.0,5.8,10.0,2.7,239.0,15.9,1019.2
2024-01-05,7.4,5.1,10.0,20.2,201.0,16.2,1019.0
2024-01-06,5.9,0.7,9.0,3.0,283.0,17.2,1008.1
2024-01-07,3.4,-0.5,6.0,0.1,11.0,9.3,1017.8
2024-01-08,4.9,3.5,7.3,26.7,103.0,18.6,1012.5
2024-01-09,6.5,3.6,8.0,10.7,246.0,45.2,999.0
2024-01-10,4.5,2.0,6.0,0.0,283.0,13.0,1004.8
2024-01-11,0.8,-7.3,6.0,0.4,325.0,25.1,1010.8
2024-01-12,-8.8,-10.0,-7.6,0.0,43.0,23.0,1025.7
2024-01-13,-5.5,-8.0,-2.0,0.0,36.0,15.5,1016.5
2024-01-14,-2.5,-5.0,0.0,0.0,13.0,9.6,1023.2
2024-01-15,-0.6,-2.6,2.0,0.0,15.0,11.8,1028.7
2024-01-16,0.4,-2.0,3.0,1.4,19.0,10.8,1015.1
2024-01-17,0.7,-0.4,2.0,14.6,355.0,10.9,1004.3
2024-01-18,1.1,-0.2,2.0,13.2,12.0,16.6,1019.6
2024-01-19,2.9,1.4,4.0,10.6,9.0,17.7,1013.6
2024-01-20,4.6,3.0,6.0,0.2,10.0,11.7,1002.0
2024-01-21,7.1,4.5,9.0,6.6,44.0,12.2,997.6
2024-01-22,7.6,5.6,9.0,10.1,41.0,11.7,999.8
2024-01-23,7.3,5.0,9.0,6.1,28.0,6.0,1010.5
2024-01-24,7.6,3.3,10.0,7.6,64.0,15.5,1006.3
2024-01-25,7.8,4.2,10.0,6.1,25.0,6.6,1015.1
2024-01-26,8.6,5.8,11.0,7.9,34.0,11.5,1017.2
2024-01-27,9.3,7.1,11.0,20.0,17.0,7.9,1015.1
2024-01-28,10.5,8.3,12.0,16.4,35.0,8.6,1017.4
2024-01-29,12.1,10.0,15.0,3.0,14.0,11.8,1013.3
2024-01-30,11.7,10.6,13.0,1.2,21.0,10.9,1010.9
2024-01-31,11.2,9.2,12.0,8.4,104.0,25.5,997.1
2024-02-01,10.0,7.1,13.0,0.5,34.0,7.6,997.0
2024-02-02,8.4,5.1,11.0,5.3,340.0,7.2,1004.7
2024-02-03,6.1,2.6,8.0,1.4,348.0,7.1,1016.6
2024-02-04,5.4,2.4,8.0,0.0,355.0,9.3,1013.1
2024-02-05,6.1,4.4,8.0,0.1,340.0,11.9,1004.6
2024-02-06,6.1,4.0,8.0,0.9,337.0,6.7,1007.8
2024-02-07,6.3,3.9,8.0,2.6,2.0,8.6,1008.1
2024-02-08,5.5,3.4,7.0,1.2,32.0,7.4,1015.6
2024-02-09,4.4,1.6,8.0,0.3,30.0,8.0,1022.0
2024-02-10,5.8,3.3,8.0,1.3,32.0,9.7,1023.5
2024-02-11,7.0,4.1,10.0,8.5,7.0,12.3,1015.8
2024-02-12,6.8,2.5,9.0,1.0,357.0,10.8,1020.3
2024-02-13,5.2,1.1,9.0,0.0,1.0,10.2,1020.1
2024-02-14,5.7,2.6,8.0,0.0,34.0,17.2,1013.4
2024-02-15,4.2,2.0,6.0,1.4,29.0,15.1,1016.7
2024-02-16,5.9,1.8,9.0,0.0,46.0,16.9,1024.0
2024-02-17,7.2,3.7,9.0,0.0,37.0,22.0,1014.4
2024-02-18,7.2,5.2,9.0,0.1,18.0,13.7,1009.9
2024-02-19,7.0,4.3,9.0,0.0,9.0,12.8,1007.5
2024-02-20,6.8,3.6,9.0,1.4,4.0,9.6,1011.4
2024-02-21,8.1,5.9,10.0,11.0,26.0,11.6,1013.6
2024-02-22,7.8,3.6,11.0,0.0,16.0,7.5,1025.9
2024-02-23,6.6,2.7,10.0,0.0,293.0,10.8,1026.6
2024-02-24,8.0,6.4,9.0,0.1,240.0,27.0,1019.1
2024-02-25,7.0,2.4,9.0,16.3,246.0,32.2,1007.9
2024-02-26,3.4,-1.3,7.0,0.1,276.0,23.4,1009.4
2024-02-27,2.6,-1.6,6.0,3.8,76.0,16.7,1014.7
2024-02-28,6.8,3.7,9.0,43.1,162.0,14.8,999.9
2024-02-29,4.3,0.3,6.0,10.0,257.0,16.6,996.1
2024-03-01,4.1,0.1,7.0,4.6,65.0,12.1,995.6
2024-03-02,4.1,1.1,7.0,1.4,344.0,16.5,995.2
2024-03-03,3.9,0.1,7.0,14.2,51.0,11.2,1002.4
2024-03-04,2.7,-0.5,6.0,1.5,339.0,11.2,1012.0
2024-03-05,2.7,0.1,5.0,0.0,6.0,10.0,1017.2
2024-03-06,2.2,-0.7,4.0,0.4,340.0,8.7,1019.8
2024-03-07,3.1,-1.7,7.0,0.3,21.0,8.4,1023.1
2024-03-08,6.4,3.8,10.0,6.2,39.0,14.4,1018.9
2024-03-09,7.0,4.0,11.0,2.7,37.0,15.4,1005.3
2024-03-10,7.5,5.0,9.0,5.2,87.0,14.6,1002.3
2024-03-11,7.0,4.5,9.0,2.3,128.0,23.8,1004.7
2024-03-12,6.4,4.2,9.0,14.2,248.0,22.1,1010.7
2024-03-13,6.4,3.6,9.0,0.6,236.0,13.6,1029.3
2024-03-14,6.6,2.2,11.0,0.0,359.0,8.0,1032.7
2024-03-15,8.9,4.0,14.0,0.0,15.0,9.7,1024.3
2024-03-16,11.4,6.8,18.0,0.0,6.0,10.2,1017.8
2024-03-17,10.5,6.0,14.0,0.0,298.0,6.2,1022.3
2024-03-18,10.0,6.0,16.0,0.0,313.0,8.7,1022.0
2024-03-19,9.9,6.0,14.0,0.0,295.0,11.4,1016.4
2024-03-20,7.9,5.7,9.0,0.2,226.0,11.0,1015.3
2024-03-21,9.0,6.3,12.0,0.2,15.0,8.2,1017.6
2024-03-22,9.1,7.3,11.0,2.4,6.0,14.5,1011.7
2024-03-23,8.3,6.6,9.0,9.8,343.0,10.8,1002.9
2024-03-24,7.6,4.2,11.0,0.0,224.0,13.6,1008.1
2024-03-25,8.1,6.0,10.0,0.3,239.0,18.7,1011.1
2024-03-26,7.9,5.0,11.0,0.0,240.0,19.2,1014.4
2024-03-27,8.3,5.2,12.0,4.2,108.0,18.3,1005.1
2024-03-28,7.7,4.3,10.0,5.0,102.0,18.7,1003.8
2024-03-29,8.4,4.8,12.0,0.0,1.0,8.9,1012.2
2024-03-30,7.1,3.2,11.0,0.0,254.0,8.3,1014.4
2024-03-31,8.0,3.6,11.0,0.0,266.0,11.1,1015.2
2024-04-01,9.2,5.9,12.0,0.0,233.0,18.1,1020.5
2024-04-02,9.9,5.5,13.0,3.7,232.0,22.1,1020.9
2024-04-03,6.4,3.6,8.0,1.3,251.0,15.8,1020.8
2024-04-04,6.9,1.8,10.0,0.0,262.0,12.7,1011.2
2024-04-05,8.3,4.9,12.0,0.0,235.0,12.9,1009.2
2024-04-06,7.7,5.9,9.0,0.0,225.0,16.5,1017.8
2024-04-07,8.3,5.8,11.0,0.2,249.0,13.7,1022.6
2024-04-08,8.2,5.8,10.0,17.0,134.0,16.0,1019.1
2024-04-09,9.2,5.1,12.0,0.6,245.0,23.9,1023.5
2024-04-10,7.3,2.6,10.0,0.0,247.0,12.4,1026.7
2024-04-11,8.0,5.7,10.0,3.6,260.0,8.5,1014.8
2024-04-12,8.5,4.6,14.0,0.2,309.0,12.3,1012.4
2024-04-13,9.3,4.0,15.0,0.0,355.0,9.5,1013.9
2024-04-14,9.2,5.0,15.0,0.0,260.0,19.7,1015.8
2024-04-15,8.4,5.5,10.0,0.0,251.0,35.0,1023.3
2024-04-16,7.5,4.1,12.0,0.7,238.0,16.9,1027.3
2024-04-17,8.2,2.7,14.0,0.0,326.0,10.8,1030.9
2024-04-18,10.3,4.5,16.0,0.0,349.0,10.7,1026.5
2024-04-19,11.8,6.2,17.0,0.0,13.0,12.5,1022.0
2024-04-20,11.2,7.2,17.0,0.7,338.0,21.5,1016.4
2024-04-21,8.9,6.0,12.0,0.1,240.0,22.6,1027.1
2024-04-22,8.8,2.8,14.0,0.0,326.0,12.1,1022.6
2024-04-23,9.7,6.0,15.0,0.0,256.0,13.7,1015.1
2024-04-24,9.6,7.7,12.0,5.2,248.0,17.0,1016.4
2024-04-25,9.2,7.2,12.0,6.9,44.0,11.8,1008.8
2024-04-26,10.1,7.9,13.0,4.2,315.0,10.3,1010.3
2024-04-27,10.2,8.1,12.0,4.8,243.0,15.2,1013.2
2024-04-28,8.2,5.2,10.0,1.9,252.0,27.2,1016.4
2024-04-29,7.5,3.3,11.0,1.8,248.0,22.8,1017.3
2024-04-30,7.8,4.0,11.0,2.1,81.0,15.4,1019.9
2024-05-01,8.6,5.1,12.0,0.3,222.0,16.2,1021.6
2024-05-02,8.9,4.1,14.0,0.0,247.0,10.9,1018.0
2024-05-03,11.1,6.0,16.0,0.0,67.0,10.6,1011.2
2024-05-04,10.9,9.1,13.0,3.9,258.0,10.6,1001.8
2024-05-05,10.6,8.6,12.0,1.0,256.0,28.2,1005.5
2024-05-06,9.1,6.7,11.0,0.8,245.0,24.7,1011.3
2024-05-07,9.4,5.9,12.0,1.1,248.0,27.3,1022.9
2024-05-08,10.4,5.7,15.0,0.0,234.0,17.3,1030.0
2024-05-09,13.0,8.3,18.0,0.0,313.0,9.8,1027.3
2024-05-10,17.1,11.0,24.0,0.0,341.0,9.8,1019.7
2024-05-11,14.5,11.0,18.0,0.0,275.0,10.2,1014.0
2024-05-12,13.6,10.0,18.0,0.0,240.0,17.4,1014.4
2024-05-13,12.3,9.5,16.0,0.0,245.0,28.2,1018.1
2024-05-14,11.4,8.2,15.0,0.0,236.0,14.6,1022.4
2024-05-15,12.6,9.2,17.0,0.0,232.0,20.2,1019.5
2024-05-16,11.9,8.8,15.0,1.4,250.0,35.6,1013.7
2024-05-17,10.5,7.1,13.0,0.1,247.0,34.3,1018.3
2024-05-18,10.1,7.9,13.0,0.2,248.0,30.2,1018.6
2024-05-19,10.9,7.2,15.0,0.0,218.0,20.4,1023.1
2024-05-20,10.8,6.2,16.0,0.0,239.0,21.1,1023.9
2024-05-21,10.1,8.8,13.0,20.0,200.0,23.4,1015.9
2024-05-22,10.8,7.2,15.0,5.4,231.0,19.0,1013.4
2024-05-23,11.4,8.7,14.0,0.0,223.0,22.0,1018.3
2024-05-24,10.2,9.0,12.0,3.7,212.0,14.0,1011.9
2024-05-25,10.3,8.7,12.0,0.0,253.0,28.0,1013.3
2024-05-26,10.4,8.5,13.0,7.6,146.0,11.0,1018.9
2024-05-27,11.1,8.9,15.0,0.5,239.0,7.9,1020.1
2024-05-28,11.4,8.4,14.0,3.5,255.0,21.1,1019.0
2024-05-29,10.8,7.8,15.0,5.6,245.0,24.4,1025.1
2024-05-30,10.6,7.1,14.0,0.0,225.0,18.7,1028.6
2024-05-31,10.3,6.9,14.0,0.0,241.0,14.3,1021.6
2024-06-01,11.3,10.0,12.0,1.6,219.0,15.7,1014.1
2024-06-02,12.2,11.0,14.0,12.3,180.0,12.0,1005.6
2024-06-03,11.4,9.1,13.0,11.1,255.0,27.0,1005.4
2024-06-04,11.8,9.3,15.0,6.5,246.0,20.3,1011.5
2024-06-05,11.4,8.0,15.0,0.0,218.0,16.0,1023.0
2024-06-06,11.2,8.3,15.0,0.0,250.0,12.0,1020.7
2024-06-07,13.9,9.6,18.0,0.0,266.0,9.2,1016.5
2024-06-08,14.5,12.0,18.0,0.0,248.0,13.5,1012.7
2024-06-09,13.2,10.7,17.0,0.0,237.0,25.8,1015.2
2024-06-10,12.4,9.9,16.0,0.0,218.0,21.8,1019.1
2024-06-11,13.1,9.8,16.0,0.6,250.0,25.6,1016.9
2024-06-12,11.5,7.8,15.0,0.0,233.0,21.5,1023.5
2024-06-13,11.7,8.2,16.0,0.0,242.0,19.8,1019.1
2024-06-14,11.9,8.8,15.0,1.4,223.0,20.8,1019.4
2024-06-15,11.3,8.5,13.0,0.7,252.0,26.6,1017.6
2024-06-16,11.2,8.1,14.0,3.8,239.0,15.7,1018.0
2024-06-17,12.5,8.7,15.0,0.2,251.0,26.6,1016.5
2024-06-18,12.0,8.3,16.0,0.0,222.0,17.9,1017.9
2024-06-19,13.0,9.8,17.0,0.0,257.0,12.0,1016.5
2024-06-20,15.0,11.3,19.0,0.0,255.0,11.0,1016.1
2024-06-21,15.5,13.0,20.0,0.0,243.0,14.2,1014.0
2024-06-22,15.2,12.0,19.0,0.0,232.0,21.9,1012.3
2024-06-23,14.3,11.4,18.0,0.0,254.0,27.9,1016.0
2024-06-24,13.0,11.0,16.0,0.0,229.0,17.6,1018.9
2024-06-25,14.2,10.5,18.0,0.0,261.0,10.4,1015.3
2024-06-26,14.8,12.8,17.0,0.5,244.0,17.8,1012.6
2024-06-27,13.3,11.2,16.0,0.1,247.0,25.6,1016.1
2024-06-28,12.7,9.2,17.0,0.0,220.0,15.6,1017.4
2024-06-29,14.5,12.6,17.0,2.0,232.0,11.3,1017.2
2024-06-30,15.4,13.0,20.0,0.0,228.0,20.6,1019.2
2024-07-01,15.4,11.5,20.0,0.1,236.0,24.5,1020.7
2024-07-02,13.9,11.1,17.0,0.0,238.0,25.2,1022.9
2024-07-03,13.7,10.6,18.0,0.0,234.0,13.7,1025.0
2024-07-04,14.5,12.0,18.0,0.0,262.0,10.6,1024.5
2024-07-05,16.6,12.0,20.0,0.0,259.0,9.5,1021.6
2024-07-06,17.5,13.0,22.4,0.0,251.0,8.3,1016.4
2024-07-07,18.0,13.0,22.0,0.0,263.0,8.0,1015.0
2024-07-08,18.1,14.0,21.3,0.0,262.0,10.6,1013.9
2024-07-09,18.3,14.0,22.0,0.0,240.0,11.8,1011.7
2024-07-10,18.8,13.7,23.0,0.0,236.0,28.4,1015.1
2024-07-11,15.6,11.8,21.0,0.0,223.0,17.8,1019.7
2024-07-12,15.7,13.0,20.0,0.0,240.0,13.0,1018.2
2024-07-13,16.5,13.0,20.0,0.0,242.0,12.8,1016.4
2024-07-14,17.1,13.3,22.0,0.0,245.0,16.2,1016.3
2024-07-15,14.6,12.4,17.0,0.0,233.0,17.6,1018.8
2024-07-16,16.4,13.0,19.8,0.0,235.0,12.0,1015.7
2024-07-17,18.5,15.0,24.0,0.0,247.0,13.3,1014.1
2024-07-18,17.3,15.0,22.0,0.0,221.0,23.9,1017.2
2024-07-19,16.9,14.0,21.0,0.0,214.0,20.6,1020.9
2024-07-20,16.6,14.7,20.0,0.0,234.0,16.1,1019.6
2024-07-21,16.2,13.5,19.0,0.0,230.0,20.6,1017.4
2024-07-22,14.6,12.4,17.0,0.0,243.0,34.2,1019.0
2024-07-23,14.5,10.8,17.0,0.0,226.0,19.5,1021.3
2024-07-24,15.0,12.4,19.0,0.0,240.0,26.2,1018.6
2024-07-25,14.9,11.6,19.0,0.0,244.0,27.9,1022.4
2024-07-26,14.1,11.0,17.0,0.0,232.0,16.5,1018.3
2024-07-27,14.9,12.0,18.0,0.0,227.0,17.9,1012.0
2024-07-28,14.7,13.0,17.9,0.0,208.0,21.5,1012.0
2024-07-29,14.9,13.0,17.2,6.9,201.0,11.6,1011.9
2024-07-30,15.5,14.0,19.0,0.9,226.0,12.8,1015.1
2024-07-31,15.5,14.0,18.0,0.0,233.0,15.1,1017.8
2024-08-01,18.9,14.0,26.0,0.0,344.0,8.7,1017.5
2024-08-02,17.9,14.0,22.0,0.0,235.0,11.7,1018.2
2024-08-03,16.1,13.0,18.2,0.0,232.0,18.0,1016.8
2024-08-04,16.7,12.0,23.4,0.0,224.0,16.1,1013.4
2024-08-05,15.8,13.0,19.0,0.0,232.0,22.6,1014.8
2024-08-06,14.4,12.8,18.0,0.0,216.0,22.1,1019.7
2024-08-07,14.8,13.0,18.0,0.0,228.0,13.9,1020.5
2024-08-08,15.6,12.0,18.8,0.0,245.0,11.0,1015.3
2024-08-09,16.3,13.0,19.4,0.0,242.0,13.3,1013.8
2024-08-10,16.8,14.0,21.4,0.0,218.0,20.5,1015.1
2024-08-11,15.3,13.0,19.0,0.0,211.0,18.0,1015.7
2024-08-12,14.5,13.0,16.6,0.0,212.0,17.0,1014.2
2024-08-13,15.5,14.0,19.7,0.4,234.0,17.9,1016.1
2024-08-14,15.3,13.0,18.0,0.0,229.0,17.4,1018.9
2024-08-15,16.2,12.8,20.0,0.0,240.0,23.5,1017.8
2024-08-16,15.2,12.9,19.0,0.0,228.0,16.1,1016.3
2024-08-17,17.0,12.0,23.0,1.3,278.0,12.3,1011.2
2024-08-18,15.9,13.6,18.0,22.6,220.0,9.8,1013.7
2024-08-19,15.1,13.0,18.0,2.6,352.0,6.9,1017.3
2024-08-20,13.8,12.0,16.0,0.5,234.0,8.3,1018.7
2024-08-21,14.9,12.0,18.0,13.1,129.0,11.8,1016.4
2024-08-22,14.1,12.0,17.0,5.2,304.0,11.7,1012.7
2024-08-23,14.6,13.0,17.1,8.6,251.0,23.4,1008.5
2024-08-24,15.0,12.4,18.0,17.2,248.0,22.7,1014.2
2024-08-25,15.3,13.4,17.3,0.1,217.0,15.6,1023.3
2024-08-26,14.9,12.1,18.3,7.4,232.0,14.7,1020.5
2024-09-04,16.5,12.0,24.0,0.0,359.0,8.4,1022.1
2024-09-05,18.9,14.0,27.0,0.0,6.0,9.4,1019.2
2024-09-06,18.8,14.0,24.0,0.0,303.0,8.3,1015.8
2024-09-07,17.2,14.0,21.3,0.0,244.0,9.9,1012.3
2024-09-08,15.8,12.0,18.6,0.0,226.0,15.3,1011.2
2024-09-09,13.7,12.0,15.0,0.0,229.0,12.2,1014.9
2024-09-10,13.3,12.0,16.0,2.3,217.0,10.8,1011.8
2024-09-11,12.8,10.8,16.0,3.9,317.0,10.4,1008.0
2024-09-12,12.9,11.0,15.0,0.0,235.0,13.2,1013.5
2024-09-13,12.7,10.8,14.6,5.2,209.0,14.8,1015.1
2024-09-14,14.0,11.0,19.0,3.2,216.0,16.0,1012.6
2024-09-15,12.4,9.3,15.0,0.0,247.0,14.1,1015.6
2024-09-16,13.3,9.0,17.0,0.0,230.0,9.5,1014.2
2024-09-17,12.9,11.2,14.0,0.2,196.0,15.2,1010.7
2024-09-18,13.7,12.2,16.0,0.3,235.0,8.9,1016.2
2024-09-19,12.4,10.0,16.0,0.0,232.0,17.8,1016.5
2024-09-20,12.5,10.3,16.0,0.0,226.0,12.5,1020.0
2024-09-21,11.9,9.3,15.0,0.6,249.0,9.6,1022.6
2024-09-22,13.4,11.0,17.0,0.0,214.0,13.0,1019.2
2024-09-23,14.7,12.0,17.0,1.1,202.0,9.6,1019.8
2024-09-24,14.1,12.0,16.5,0.0,271.0,9.0,1010.4
2024-09-25,13.7,10.9,16.7,17.9,241.0,19.1,1005.2
2024-09-26,11.9,10.6,13.2,0.3,191.0,13.9,1013.3
2024-09-27,13.6,10.3,17.0,0.2,246.0,19.2,1019.6
2024-09-28,11.1,8.2,13.0,0.0,244.0,14.2,1015.0
2024-09-29,11.6,8.9,15.0,0.0,251.0,27.7,1023.3
2024-09-30,10.8,6.0,15.0,0.0,351.0,9.2,1029.2
2024-10-01,10.6,8.0,14.0,2.2,254.0,12.0,1021.5
2024-10-02,11.1,8.2,15.0,0.0,250.0,22.7,1025.2
2024-10-03,11.2,8.6,14.0,0.0,358.0,9.3,1017.5
2024-10-04,11.5,9.6,15.0,14.6,227.0,14.5,1011.4
2024-10-05,11.8,8.8,15.0,0.0,355.0,9.6,1023.8
2024-10-06,11.7,8.8,16.0,0.7,284.0,7.9,1021.0
2024-10-07,11.2,7.7,16.0,0.0,3.0,6.6,1016.0
2024-10-08,12.6,10.7,14.0,4.1,191.0,11.5,1013.3
2024-10-09,11.8,9.1,17.0,0.3,233.0,18.2,1018.8
2024-10-10,10.0,6.0,14.0,0.0,354.0,10.7,1023.0
2024-10-11,11.0,7.2,14.0,0.0,2.0,8.4,1017.6
2024-10-12,11.2,8.1,15.0,0.0,284.0,7.7,1018.4
2024-10-13,11.6,9.0,17.0,0.0,289.0,6.3,1019.2
2024-10-14,12.6,10.3,16.0,4.9,232.0,10.6,1016.9
2024-10-15,11.1,9.0,13.0,0.0,212.0,9.7,1018.0
2024-10-16,10.5,8.5,13.0,0.2,248.0,16.0,1014.0
2024-10-17,9.1,6.9,11.0,3.4,241.0,8.4,1017.4
2024-10-18,9.0,6.6,11.0,27.1,112.0,7.9,1018.9
2024-10-19,12.0,9.9,14.0,67.9,142.0,10.9,1016.2
2024-10-20,10.8,8.5,13.0,4.9,286.0,14.5,1011.7
2024-10-21,9.2,5.9,12.0,4.9,0.0,9.7,1016.6
2024-10-22,8.9,6.6,11.0,3.7,252.0,9.0,1025.8
2024-10-23,8.4,4.6,12.0,0.0,254.0,15.7,1025.6
2024-10-24,8.2,5.5,12.0,0.0,274.0,10.5,1026.0
2024-10-25,9.1,5.8,11.3,2.8,15.0,15.8,1013.3
2024-10-26,12.1,9.2,14.0,9.4,84.0,23.3,1010.3
2024-10-27,10.6,8.7,12.0,20.6,221.0,16.7,1007.4
2024-10-28,9.3,6.7,11.0,1.6,207.0,13.8,1012.6
2024-10-29,8.8,6.0,11.0,0.0,27.0,7.3,1018.0
2024-10-30,8.8,3.7,11.0,4.9,80.0,16.1,1008.7
2024-10-31,7.1,2.7,10.0,3.3,86.0,12.3,1009.3
